行,変電所名,都道府県,結果,緯度,経度,OSM側の名称
791,新地変電所,,一致(全国)だが東北エリア外のため不採用,,,新地変電所
792,東福島変電所,,一致なし,,,
793,510変電所,山形県,一致なし,,,
794,6G01変電所,福島県,一致なし,,,
795,6H01変電所,福島県,一致なし,,,
796,6J03変電所,福島県,一致なし,,,
797,6J04変電所,福島県,一致なし,,,
798,6J05変電所,福島県,一致なし,,,
799,717変電所,新潟県,一致なし,,,
800,7K03変電所,新潟県,一致なし,,,
801,下田変電所,新潟県,一致なし,,,
802,亀塚浜変電所,新潟県,一致なし,,,
803,仙南変電所,宮城県,一致なし,,,
804,大仙変電所,秋田県,一致なし,,,
805,大崎変電所,宮城県,一致なし,,,
806,大所変電所,新潟県,一致なし,,,
808,小国町変電所,新潟県,一致なし,,,
809,平田変電所,福島県,一致なし,,,
810,日和田変電所,福島県,一致なし,,,
811,泉変電所,宮城県,一致なし,,,
812,泉崎変電所,福島県,一致なし,,,
813,浅貝変電所,新潟県,一致(新潟県),36.800784,138.785555,浅貝変電所
814,秋田中央変電所,秋田県,一致なし,,,
815,西新潟変電所,新潟県,一致なし,,,
816,西白河変電所,福島県,一致なし,,,
817,錦町変電所,宮城県,一致なし,,,
818,1307変電所,青森県,一致なし,,,
819,1309変電所,青森県,一致なし,,,
820,1905変電所,青森県,一致なし,,,
821,1908変電所,青森県,一致なし,,,
822,1A08変電所,青森県,一致なし,,,
823,2102変電所,岩手県,一致なし,,,
824,2303変電所,岩手県,一致なし,,,
825,2307変電所,岩手県,一致なし,,,
826,2813変電所,岩手県,一致なし,,,
827,2814変電所,岩手県,一致なし,,,
828,3105変電所,秋田県,一致なし,,,
829,3602変電所,秋田県,一致なし,,,
830,3604変電所,秋田県,一致なし,,,
831,3605変電所,秋田県,一致なし,,,
832,3702変電所,秋田県,一致なし,,,
833,3704変電所,秋田県,一致なし,,,
834,3705変電所,秋田県,一致なし,,,
835,3707変電所,秋田県,一致なし,,,
836,3708変電所,秋田県,一致なし,,,
837,3809変電所,秋田県,一致なし,,,
838,4209変電所,宮城県,一致なし,,,
839,4303変電所,宮城県,一致なし,,,
840,4304変電所,宮城県,一致なし,,,
841,4305変電所,宮城県,一致なし,,,
842,4507変電所,宮城県,一致なし,,,
843,4508変電所,宮城県,一致なし,,,
844,4705変電所,宮城県,一致なし,,,
845,4706変電所,宮城県,一致なし,,,
846,4707変電所,宮城県,一致なし,,,
847,4A07変電所,宮城県,一致なし,,,
848,4A09変電所,宮城県,一致なし,,,
849,4A10変電所,宮城県,一致なし,,,
850,5205変電所,山形県,一致なし,,,
851,5206変電所,山形県,一致なし,,,
852,5207変電所,山形県,一致なし,,,
853,5703変電所,山形県,一致なし,,,
854,5907変電所,山形県,一致なし,,,
855,5908変電所,山形県,一致なし,,,
856,5A01変電所,山形県,一致なし,,,
857,6203変電所,福島県,一致なし,,,
858,6812変電所,福島県,一致なし,,,
859,6815変電所,福島県,一致なし,,,
860,6C04変電所,福島県,一致なし,,,
861,6C07変電所,福島県,一致なし,,,
862,6D10変電所,福島県,一致なし,,,
863,6D11変電所,福島県,一致なし,,,
864,6F04変電所,福島県,一致なし,,,
865,6F05変電所,福島県,一致なし,,,
866,6F08変電所,福島県,一致なし,,,
867,7109変電所,新潟県,一致なし,,,
868,7306変電所,新潟県,一致なし,,,
869,7307変電所,新潟県,一致なし,,,
870,7308変電所,新潟県,一致なし,,,
871,7F06変電所,新潟県,一致なし,,,
872,7F07変電所,新潟県,一致なし,,,
873,7F08変電所,新潟県,一致なし,,,
874,7F10変電所,新潟県,一致なし,,,
875,7F13変電所,新潟県,一致なし,,,
876,7H06変電所,新潟県,一致なし,,,
877,7H08変電所,新潟県,一致なし,,,
878,7H20変電所,新潟県,一致なし,,,
879,あかねヶ丘変電所,山形県,一致なし,,,
880,万代変電所,新潟県,一致なし,,,
881,三春変電所,福島県,一致なし,,,
882,中新田変電所,宮城県,一致なし,,,
883,久保田変電所,福島県,一致なし,,,
884,久野本変電所,山形県,一致なし,,,
885,亀田変電所,新潟県,一致なし,,,
886,亀貝変電所,新潟県,一致なし,,,
887,二本松変電所,福島県,一致なし,,,
888,仙北町変電所,岩手県,一致なし,,,
889,仙台本町変電所,宮城県,一致なし,,,
890,住田変電所,岩手県,一致なし,,,
891,佐沼変電所,宮城県,一致なし,,,
892,余目変電所,山形県,一致なし,,,
893,保内変電所,新潟県,一致なし,,,
894,保原変電所,福島県,一致なし,,,
895,八森変電所,秋田県,一致なし,,,
896,八橋変電所,秋田県,一致なし,,,
897,八総変電所,福島県,一致なし,,,
898,利府変電所,宮城県,一致なし,,,
899,加茂変電所,新潟県,一致なし,,,
900,加茂郷変電所,新潟県,一致なし,,,
901,勾当台変電所,宮城県,一致なし,,,
902,北三条変電所,新潟県,一致なし,,,
903,北古川変電所,宮城県,一致なし,,,
904,北新発田変電所,新潟県,一致なし,,,
905,北酒田変電所,山形県,一致なし,,,
906,北長岡変電所,新潟県,一致なし,,,
908,南二又変電所,宮城県,一致なし,,,
909,南川変電所,新潟県,一致なし,,,
910,南方変電所,宮城県,一致なし,,,
911,南湖変電所,福島県,一致なし,,,
912,南通変電所,秋田県,一致なし,,,
913,卸町変電所,宮城県,一致なし,,,
914,双葉変電所,福島県,一致なし,,,
915,古川変電所,宮城県,一致なし,,,
916,古館変電所,山形県,一致なし,,,
917,吉岡変電所,宮城県,一致なし,,,
918,吉田変電所,新潟県,一致なし,,,
919,向中野変電所,岩手県,一致なし,,,
921,向町変電所,山形県,一致なし,,,
922,和田変電所,新潟県,一致なし,,,
923,喜多方変電所,福島県,一致なし,,,
924,坂下変電所,福島県,一致なし,,,
925,城内変電所,新潟県,一致なし,,,
926,城南変電所,山形県,一致なし,,,
927,城東変電所,福島県,一致なし,,,
928,堀之内変電所,新潟県,一致なし,,,
929,塙町変電所,福島県,一致なし,,,
931,塩釜変電所,宮城県,一致なし,,,
932,塩釜築港変電所,宮城県,一致なし,,,
933,増田変電所,宮城県,一致なし,,,
934,多賀城変電所,宮城県,一致なし,,,
935,大割野変電所,新潟県,一致なし,,,
936,大富変電所,宮城県,一致なし,,,
937,大山変電所,山形県,一致なし,,,
938,大川反変電所,秋田県,一致なし,,,
939,大手変電所,新潟県,一致なし,,,
940,大日変電所,宮城県,一致なし,,,
941,大槻変電所,福島県,一致なし,,,
942,大越変電所,福島県,一致なし,,,
943,女池変電所,新潟県,一致なし,,,
945,妙高変電所,新潟県,一致なし,,,
946,安達変電所,福島県,一致なし,,,
947,宮崎変電所,宮城県,一致なし,,,
948,宮町変電所,山形県,一致なし,,,
949,富谷変電所,宮城県,一致なし,,,
950,寒河江変電所,山形県,一致なし,,,
951,寒河江陵西変電所,山形県,一致なし,,,
952,小国変電所,山形県,一致なし,,,
953,小松変電所,山形県,一致なし,,,
954,小野変電所,宮城県,一致なし,,,
955,小須戸変電所,新潟県,一致なし,,,
956,小鶴新田変電所,宮城県,一致なし,,,
957,尾花沢変電所,山形県,一致なし,,,
958,山の下変電所,新潟県,一致なし,,,
959,山元変電所,宮城県,一致なし,,,
960,岩代変電所,福島県,一致なし,,,
961,岩出山変電所,宮城県,一致なし,,,
962,岩城亀田変電所,秋田県,一致なし,,,
963,岩室変電所,新潟県,一致なし,,,
964,岩月変電所,福島県,一致なし,,,
965,岩泉変電所,岩手県,一致なし,,,
966,岩谷変電所,秋田県,一致なし,,,
967,川根変電所,新潟県,一致なし,,,
968,常盤変電所,岩手県,一致なし,,,
969,平大町変電所,福島県,一致なし,,,
970,広小路変電所,秋田県,一致なし,,,
971,広瀬通変電所,宮城県,一致なし,,,
972,成田変電所,宮城県,一致なし,,,
973,戸沢変電所,山形県,一致なし,,,
974,新井変電所,新潟県,一致なし,,,
975,新屋変電所,秋田県,一致なし,,,
977,新庄十日町変電所,山形県,一致なし,,,
978,新浜変電所,宮城県,一致なし,,,
979,日吉変電所,新潟県,一致なし,,,
980,旭ヶ丘変電所,宮城県,一致なし,,,
981,更科変電所,福島県,一致なし,,,
982,本宮変電所,福島県,一致なし,,,
983,本宮南変電所,福島県,一致なし,,,
984,本町変電所,新潟県,一致なし,,,
985,本町通変電所,山形県,一致なし,,,
986,本郷変電所,福島県,一致なし,,,
987,杉田変電所,福島県,一致なし,,,
988,村上変電所,新潟県,一致なし,,,
989,東三条変電所,新潟県,一致なし,,,
991,東栃尾変電所,新潟県,一致なし,,,
993,東直江津変電所,新潟県,一致なし,,,
994,東酒田変電所,山形県,一致なし,,,
995,東釜子変電所,福島県,一致なし,,,
996,松の平変電所,宮城県,一致なし,,,
997,松代変電所,新潟県,一致なし,,,
998,松坂変電所,宮城県,一致なし,,,
999,松島変電所,宮城県,一致なし,,,
1000,松波変電所,山形県,一致なし,,,
1001,松浜変電所,新潟県,一致なし,,,
1002,松浦変電所,新潟県,一致なし,,,
1003,板谷変電所,福島県,一致なし,,,
1004,柏崎変電所,新潟県,一致なし,,,
1005,柳町通変電所,宮城県,一致なし,,,
1006,栄変電所,新潟県,一致なし,,,
1008,栄町通変電所,山形県,一致なし,,,
1009,桐島変電所,新潟県,一致なし,,,
1010,梁川変電所,福島県,一致なし,,,
1011,棚倉変電所,福島県,一致なし,,,
1012,森宿変電所,福島県,一致なし,,,
1013,楢森変電所,秋田県,一致なし,,,
1014,楢橋変電所,山形県,一致なし,,,
1015,榴岡変電所,宮城県,一致なし,,,
1016,比角変電所,新潟県,一致なし,,,
1017,水原変電所,新潟県,一致なし,,,
1018,沢変電所,岩手県,一致なし,,,
1019,河原町変電所,岩手県,一致なし,,,
1020,河東変電所,福島県,一致なし,,,
1021,沼垂変電所,新潟県,一致なし,,,
1022,浜中変電所,山形県,一致なし,,,
1023,浪江変電所,福島県,一致なし,,,
1024,清水変電所,福島県,一致なし,,,
1025,滝沢変電所,福島県,一致なし,,,
1026,潟町変電所,新潟県,一致なし,,,
1027,熱海変電所,福島県,一致なし,,,
1028,猪苗代変電所,福島県,一致なし,,,
1029,田口変電所,新潟県,一致なし,,,
1030,田島変電所,福島県,一致なし,,,
1031,田海変電所,新潟県,一致なし,,,
1032,登米変電所,宮城県,一致なし,,,
1033,白坂変電所,福島県,一致なし,,,
1034,白山変電所,新潟県,一致なし,,,
1035,白根変電所,新潟県,一致なし,,,
1036,白河変電所,福島県,一致なし,,,
1037,盛岡中央変電所,岩手県,一致なし,,,
1038,直江津変電所,新潟県,一致(新潟県),37.163692,138.230984,直江津変電所
1039,真室川変電所,山形県,一致なし,,,
1040,矢吹変電所,福島県,一致なし,,,
1042,石岡変電所,山形県,一致なし,,,
1043,石川変電所,福島県,一致なし,,,
1044,石打変電所,新潟県,一致なし,,,
1045,礼拝変電所,新潟県,一致なし,,,
1046,神林変電所,新潟県,一致なし,,,
1047,神立変電所,新潟県,一致なし,,,
1048,福田町変電所,宮城県,一致なし,,,
1049,窪田町変電所,山形県,一致なし,,,
1050,笹木野変電所,福島県,一致なし,,,
1051,築地変電所,新潟県,一致なし,,,
1052,細沼変電所,福島県,一致なし,,,
1053,美田園変電所,宮城県,一致なし,,,
1054,羽鳥変電所,福島県,一致なし,,,
1055,船引変電所,福島県,一致なし,,,
1056,荒川変電所,新潟県,一致なし,,,
1057,藤見変電所,新潟県,一致なし,,,
1058,虫川変電所,新潟県,一致なし,,,
1059,西川変電所,新潟県,一致なし,,,
1060,西見附変電所,新潟県,一致なし,,,
1061,西通変電所,岩手県,一致なし,,,
1062,西馬音内変電所,秋田県,一致なし,,,
1063,西鶴岡変電所,山形県,一致なし,,,
1064,豊里変電所,宮城県,一致なし,,,
1065,越後中里変電所,新潟県,一致なし,,,
1067,遊佐変電所,山形県,一致なし,,,
1068,郡山西部変電所,福島県,一致なし,,,
1069,郡山駅前変電所,福島県,一致なし,,,
1070,釜谷変電所,宮城県,一致なし,,,
1071,錦変電所,福島県,一致なし,,,
1072,鏡石変電所,福島県,一致なし,,,
1073,長井変電所,山形県,一致なし,,,
1074,長崎変電所,山形県,一致なし,,,
1075,長田町変電所,岩手県,一致なし,,,
1076,門田変電所,福島県,一致なし,,,
1077,関屋変電所,新潟県,一致なし,,,
1078,関山変電所,新潟県,一致なし,,,
1079,陸前大幡変電所,宮城県,一致なし,,,
1080,青山変電所,岩手県,一致なし,,,
1081,飯豊町変電所,山形県,一致なし,,,
1082,飯野川変電所,宮城県,一致なし,,,
1083,高松変電所,岩手県,一致なし,,,
1084,高畠変電所,山形県,一致なし,,,
1085,鬼首変電所,宮城県,一致なし,,,
1086,鳥越変電所,山形県,一致なし,,,
1087,鶴ヶ谷変電所,宮城県,一致なし,,,
1088,黒川北変電所,新潟県,一致なし,,,
2062,信濃川変電所,新潟県,一致なし,,,
2063,千葉印西変電所,千葉県,一致なし,,,
2065,南横須賀変電所,神奈川県,一致なし,,,
2066,大井ふ頭変電所,東京都,一致(東京都),35.613741,139.756749,大井ふ頭変電所
2067,姉崎中央1U変電所,千葉県,一致なし,,,
2068,姉崎中央2U変電所,千葉県,一致なし,,,
2069,新富士2U変電所,静岡県,一致なし,,,
2070,新富士3U変電所,静岡県,一致なし,,,
2071,新木更津5・8B変電所,千葉県,一致なし,,,
2072,新木更津6・7B変電所,千葉県,一致なし,,,
2073,新野田11・12・14B変電所,千葉県,一致なし,,,
2074,新野田15-17B変電所,千葉県,一致なし,,,
2076,"鹿島5,7,8B変電所",茨城県,一致なし,,,
2077,"鹿島6,9B変電所",茨城県,一致なし,,,
2078,八重洲変電所,東京都,一致なし,,,
2079,北新橋変電所,東京都,一致なし,,,
2080,北渋谷変電所,東京都,一致なし,,,
2081,南新橋変電所,東京都,一致なし,,,
2082,南横浜変電所,神奈川県,一致なし,,,
2083,常盤橋変電所,東京都,一致なし,,,
2084,"戸塚1,2変電所",神奈川県,一致なし,,,
2085,"戸塚3,4,5変電所",神奈川県,一致なし,,,
2086,戸越変電所,東京都,一致なし,,,
2087,新富士21B22B変電所,静岡県,一致なし,,,
2088,横浜変電所,神奈川県,一致なし,,,
2089,横浜大黒変電所,神奈川県,一致なし,,,
2090,横浜根岸変電所,神奈川県,一致なし,,,
2091,清津川変電所,新潟県,一致なし,,,
2092,角筈変電所,東京都,一致なし,,,
2093,関内変電所,神奈川県,一致なし,,,
2094,霞沢変電所,長野県,一致なし,,,
2095,うすい変電所,千葉県,一致なし,,,
2096,お茶の水変電所,東京都,一致なし,,,
2097,ひばりヶ丘変電所,神奈川県,一致なし,,,
2099,みなと未来変電所,神奈川県,一致なし,,,
2100,みやま変電所,群馬県,一致なし,,,
2101,アカデミア変電所,千葉県,一致なし,,,
2102,センター北変電所,神奈川県,一致なし,,,
2103,一の宮変電所,千葉県,一致なし,,,
2104,一ツ橋変電所,東京都,一致なし,,,
2105,三ッ沢変電所,神奈川県,一致なし,,,
2106,三ヶ尻変電所,埼玉県,一致なし,,,
2107,三枚橋変電所,神奈川県,一致なし,,,
2108,三番町変電所,東京都,一致なし,,,
2109,三軒家変電所,静岡県,一致なし,,,
2110,三軒茶屋変電所,東京都,一致なし,,,
2111,三野宮変電所,埼玉県,一致なし,,,
2112,上ノ原変電所,埼玉県,一致なし,,,
2114,上吉田変電所,山梨県,一致なし,,,
2115,上吉羽変電所,埼玉県,一致なし,,,
2116,上大岡変電所,神奈川県,一致なし,,,
2117,上大崎変電所,東京都,一致なし,,,
2118,上広瀬変電所,埼玉県,一致なし,,,
2119,上柴変電所,埼玉県,一致なし,,,
2120,上永谷変電所,神奈川県,一致なし,,,
2121,上用賀変電所,東京都,一致なし,,,
2122,上荻変電所,東京都,一致なし,,,
2123,上通変電所,東京都,一致なし,,,
2124,上野村変電所,群馬県,一致なし,,,
2125,上高田変電所,東京都,一致なし,,,
2126,下丸子変電所,東京都,一致なし,,,
2127,下久保変電所,群馬県,一致なし,,,
2128,下井草変電所,東京都,一致なし,,,
2129,下十条変電所,東京都,一致なし,,,
2130,下沼田変電所,東京都,一致なし,,,
2131,下清戸変電所,東京都,一致なし,,,
2132,下田変電所,静岡県,一致なし,,,
2133,下貝塚変電所,千葉県,一致なし,,,
2134,下賀茂変電所,静岡県,一致なし,,,
2135,下郷変電所,埼玉県,一致なし,,,
2136,両神変電所,埼玉県,一致なし,,,
2137,並木変電所,埼玉県,一致なし,,,
2138,並木橋変電所,東京都,一致なし,,,
2139,中井変電所,神奈川県,一致なし,,,
2140,中原変電所,神奈川県,一致なし,,,
2141,中和田変電所,神奈川県,一致なし,,,
2142,中小岩変電所,東京都,一致なし,,,
2143,中山変電所,神奈川県,一致なし,,,
2144,中島変電所,神奈川県,一致なし,,,
2145,中川変電所,東京都,一致なし,,,
2146,中曽根変電所,埼玉県,一致なし,,,
2147,中河原変電所,東京都,一致なし,,,
2148,中町変電所,神奈川県,一致なし,,,
2149,中神変電所,東京都,一致なし,,,
2150,中野変電所,東京都,一致なし,,,
2151,中野島変電所,神奈川県,一致なし,,,
2153,丸の内変電所,東京都,一致なし,,,
2154,丹沢湖変電所,神奈川県,一致なし,,,
2155,久ヶ原変電所,東京都,一致なし,,,
2156,久保町変電所,東京都,一致なし,,,
2157,久屋原変電所,群馬県,一致なし,,,
2158,久留米変電所,東京都,一致なし,,,
2159,久米川変電所,東京都,一致なし,,,
2160,九段変電所,東京都,一致なし,,,
2161,二の橋変電所,東京都,一致なし,,,
2162,二ッ橋変電所,神奈川県,一致なし,,,
2163,二葉町変電所,東京都,一致なし,,,
2164,五反田変電所,東京都,一致なし,,,
2165,井之頭変電所,東京都,一致なし,,,
2166,井土ヶ谷変電所,神奈川県,一致なし,,,
2167,今川変電所,東京都,一致なし,,,
2168,仙石変電所,神奈川県,一致なし,,,
2169,代々木変電所,東京都,一致なし,,,
2170,代沢変電所,東京都,一致なし,,,
2171,仲御徒町変電所,東京都,一致なし,,,
2172,仲通変電所,神奈川県,一致なし,,,
2173,伊勢佐木町変電所,神奈川県,一致なし,,,
2174,伊奈変電所,埼玉県,一致なし,,,
2175,伊豆戸田変電所,静岡県,一致なし,,,
2176,住吉町変電所,神奈川県,一致なし,,,
2177,佐江戸変電所,神奈川県,一致なし,,,
2179,信濃町変電所,東京都,一致なし,,,
2180,修善寺変電所,静岡県,一致なし,,,
2181,元横山変電所,東京都,一致なし,,,
2182,元麻布変電所,東京都,一致なし,,,
2184,入山瀬変電所,静岡県,一致なし,,,
2185,入曽変電所,埼玉県,一致なし,,,
2186,入谷町変電所,東京都,一致なし,,,
2187,八代変電所,山梨県,一致なし,,,
2188,八坂変電所,東京都,一致なし,,,
2189,八幡山変電所,東京都,一致なし,,,
2190,八幡野変電所,静岡県,一致なし,,,
2191,八街変電所,千葉県,一致なし,,,
2192,公津東変電所,千葉県,一致なし,,,
2193,六本木変電所,東京都,一致なし,,,
2194,共和変電所,埼玉県,一致なし,,,
2195,内山変電所,神奈川県,一致なし,,,
2196,内幸町局変電所,東京都,一致なし,,,
2197,内野変電所,静岡県,一致なし,,,
2198,出洲変電所,千葉県,一致なし,,,
2199,函南変電所,静岡県,一致なし,,,
2200,初台変電所,東京都,一致なし,,,
2201,初川変電所,静岡県,一致なし,,,
2202,初鹿野変電所,山梨県,一致なし,,,
2203,別府変電所,埼玉県,一致なし,,,
2204,前谷変電所,埼玉県,一致なし,,,
2205,加瀬変電所,神奈川県,一致なし,,,
2206,加美平変電所,東京都,一致なし,,,
2207,加須変電所,埼玉県,一致なし,,,
2209,北加須変電所,埼玉県,一致なし,,,
2210,北原変電所,静岡県,一致なし,,,
2211,北園変電所,東京都,一致なし,,,
2212,北堀切変電所,東京都,一致なし,,,
2214,北幸変電所,神奈川県,一致なし,,,
2215,北戸山変電所,東京都,一致なし,,,
2217,北栄変電所,千葉県,一致(千葉県),35.663591,139.905291,北栄変電所
2218,北足立変電所,埼玉県,一致なし,,,
2219,北軽変電所,群馬県,一致なし,,,
2220,北郷変電所,静岡県,一致なし,,,
2221,北高崎変電所,群馬県,一致なし,,,
2222,十間川変電所,東京都,一致なし,,,
2223,千人町変電所,東京都,一致なし,,,
2225,千早変電所,東京都,一致なし,,,
2226,千本桜変電所,埼玉県,一致なし,,,
2227,千歳船橋変電所,東京都,一致なし,,,
2228,千石町変電所,東京都,一致(東京都),35.679861,139.818979,千石町変電所
2229,千駄ヶ谷変電所,東京都,一致なし,,,
2230,南中野変電所,東京都,一致なし,,,
2232,南吉田変電所,神奈川県,一致なし,,,
2233,南園生変電所,千葉県,一致なし,,,
2234,南御殿場変電所,静岡県,一致なし,,,
2235,南木挽町変電所,東京都,一致なし,,,
2236,南柴崎変電所,東京都,一致なし,,,
2237,南池袋局配変電所,東京都,一致なし,,,
2238,南浜橋変電所,東京都,一致なし,,,
2239,南海橋変電所,東京都,一致(東京都),35.576605,139.748239,南海橋変電所
2241,南町変電所,埼玉県,一致なし,,,
2242,南砂町変電所,東京都,一致(東京都),35.675717,139.835406,南砂町変電所
2243,南篠崎変電所,埼玉県,一致なし,,,
2244,南荏原変電所,東京都,一致なし,,,
2245,南辻変電所,埼玉県,一致なし,,,
2246,南郷変電所,東京都,一致(東京都),35.54745,139.722492,南郷変電所
2247,南青山変電所,東京都,一致なし,,,
2248,南鞘町変電所,東京都,一致なし,,,
2249,南馬込変電所,東京都,一致なし,,,
2250,厚原変電所,静岡県,一致なし,,,
2252,原変電所,静岡県,一致なし,,,
2253,原宿変電所,東京都,一致なし,,,
2254,原町変電所,群馬県,一致なし,,,
2255,厩橋変電所,東京都,一致なし,,,
2256,古渕変電所,神奈川県,一致なし,,,
2257,台場変電所,東京都,一致なし,,,
2258,台町変電所,東京都,一致なし,,,
2259,吉原変電所,静岡県,一致なし,,,
2260,吉橋変電所,千葉県,一致なし,,,
2261,吉見変電所,埼玉県,一致なし,,,
2262,吉野変電所,埼玉県,一致なし,,,
2263,向台変電所,東京都,一致なし,,,
2264,向島変電所,東京都,一致なし,,,
2266,和田堀局配変電所,東京都,一致なし,,,
2268,問屋町変電所,群馬県,一致なし,,,
2269,四街道変電所,千葉県,一致なし,,,
2270,国分寺南変電所,東京都,一致なし,,,
2271,国府津変電所,神奈川県,一致なし,,,
2272,国母変電所,山梨県,一致なし,,,
2273,土橋変電所,神奈川県,一致なし,,,
2274,土気変電所,千葉県,一致なし,,,
2275,土肥変電所,静岡県,一致なし,,,
2276,坂戸変電所,埼玉県,一致なし,,,
2277,城内変電所,静岡県,一致なし,,,
2278,堀の内変電所,埼玉県,一致なし,,,
2279,堀川変電所,神奈川県,一致なし,,,
2280,堀江変電所,東京都,一致(東京都),35.652584,139.866496,堀江変電所
2281,堀西変電所,神奈川県,一致なし,,,
2282,堂庭変電所,静岡県,一致なし,,,
2283,堤方変電所,東京都,一致(東京都),35.572153,139.715616,堤方変電所
2284,堰原変電所,静岡県,一致なし,,,
2285,塚原変電所,神奈川県,一致なし,,,
2287,塩山変電所,山梨県,一致なし,,,
2288,塩沢変電所,山梨県,一致なし,,,
2289,境変電所,東京都,一致なし,,,
2290,境木変電所,神奈川県,一致なし,,,
2291,増穂変電所,山梨県,一致なし,,,
2292,外神田変電所,東京都,一致なし,,,
2293,多摩川変電所,神奈川県,一致なし,,,
2294,大井変電所,東京都,一致(東京都),35.591327,139.735078,大井変電所
2295,大仁変電所,静岡県,一致なし,,,
2296,大和町変電所,東京都,一致なし,,,
2297,大室変電所,静岡県,一致なし,,,
2299,大宮局変電所,埼玉県,一致なし,,,
2300,大宮桜木変電所,埼玉県,一致なし,,,
2301,大岡山変電所,東京都,一致なし,,,
2302,大島変電所,東京都,一致なし,,,
2304,大師変電所,神奈川県,一致なし,,,
2305,大広戸変電所,埼玉県,一致なし,,,
2306,大森変電所,東京都,一致(東京都),35.581256,139.735225,大森変電所
2307,大正寺変電所,群馬県,一致なし,,,
2308,大洲変電所,千葉県,一致なし,,,
2309,大渕変電所,静岡県,一致なし,,,
2311,大類変電所,群馬県,一致なし,,,
2312,大黒埠頭変電所,神奈川県,一致なし,,,
2313,天津変電所,千葉県,一致なし,,,
2314,天王台変電所,千葉県,一致なし,,,
2315,天空橋変電所,東京都,一致なし,,,
2316,宇佐美変電所,静岡県,一致なし,,,
2317,宇田川変電所,東京都,一致なし,,,
2318,安良里変電所,静岡県,一致なし,,,
2319,宝町変電所,神奈川県,一致なし,,,
2320,宮本変電所,神奈川県,一致なし,,,
2321,寄居変電所,埼玉県,一致なし,,,
2322,富ヶ谷変電所,東京都,一致なし,,,
2323,富士変電所,静岡県,一致なし,,,
2324,富士ヶ嶺変電所,山梨県,一致なし,,,
2325,富士吉田変電所,山梨県,一致なし,,,
2326,富士宮変電所,静岡県,一致なし,,,
2327,富士根変電所,静岡県,一致なし,,,
2328,富士桜変電所,山梨県,一致なし,,,
2329,富士見町変電所,千葉県,一致なし,,,
2330,富士豊茂変電所,山梨県,一致なし,,,
2331,富沢変電所,山梨県,一致なし,,,
2332,寺島変電所,東京都,一致なし,,,
2333,小名木川変電所,東京都,一致なし,,,
2334,小堤変電所,埼玉県,一致なし,,,
2335,小岩変電所,東京都,一致なし,,,
2336,小島変電所,東京都,一致なし,,,
2337,小手指変電所,埼玉県,一致なし,,,
2338,小武川第四変電所,山梨県,一致なし,,,
2339,小淵沢変電所,山梨県,一致なし,,,
2340,小港変電所,神奈川県,一致なし,,,
2341,小豆沢変電所,東京都,一致(東京都),35.774183,139.698702,小豆沢変電所
2342,尾山台変電所,東京都,一致なし,,,
2343,山下町変電所,神奈川県,一致なし,,,
2344,山中変電所,山梨県,一致なし,,,
2345,山宮変電所,静岡県,一致なし,,,
2346,山手変電所,神奈川県,一致なし,,,
2347,山梨局配変電所,山梨県,一致なし,,,
2348,岡宮変電所,静岡県,一致なし,,,
2350,岩室変電所,群馬県,一致なし,,,
2351,岩富変電所,千葉県,一致なし,,,
2352,岩本町変電所,東京都,一致なし,,,
2353,岩波変電所,静岡県,一致なし,,,
2354,岩渕変電所,東京都,一致なし,,,
2355,岩神変電所,群馬県,一致なし,,,
2356,峰変電所,神奈川県,一致なし,,,
2357,嵐山吉田変電所,埼玉県,一致なし,,,
2358,川井変電所,神奈川県,一致なし,,,
2359,川寺変電所,埼玉県,一致なし,,,
2360,川島町変電所,埼玉県,一致なし,,,
2361,川間変電所,千葉県,一致なし,,,
2362,左門町変電所,東京都,一致なし,,,
2363,市ヶ谷変電所,東京都,一致なし,,,
2364,市山変電所,静岡県,一致なし,,,
2365,市川第二変電所,千葉県,一致なし,,,
2368,幡谷変電所,群馬県,一致なし,,,
2369,平山変電所,東京都,一致なし,,,
2370,平成町変電所,神奈川県,一致なし,,,
2371,平戸変電所,埼玉県,一致なし,,,
2373,平野変電所,山梨県,一致なし,,,
2374,幸変電所,山梨県,一致なし,,,
2375,幸浦変電所,神奈川県,一致なし,,,
2376,幸町変電所,埼玉県,一致なし,,,
2377,広小路変電所,静岡県,一致なし,,,
2378,広尾変電所,東京都,一致なし,,,
2379,広町変電所,東京都,一致なし,,,
2380,庚申塚変電所,東京都,一致なし,,,
2381,引地川変電所,神奈川県,一致なし,,,
2382,弦巻変電所,東京都,一致なし,,,
2383,強羅変電所,神奈川県,一致なし,,,
2384,御岳変電所,山梨県,一致なし,,,
2385,御幸変電所,神奈川県,一致なし,,,
2386,御所見変電所,神奈川県,一致なし,,,
2387,御苑前変電所,東京都,一致なし,,,
2388,徳行変電所,山梨県,一致なし,,,
2389,恋ヶ窪変電所,東京都,一致なし,,,
2390,恵比寿変電所,東京都,一致なし,,,
2391,恵比須町変電所,神奈川県,一致なし,,,
2392,惣社町変電所,栃木県,一致なし,,,
2393,愛宕変電所,東京都,一致なし,,,
2394,愛川変電所,神奈川県,一致なし,,,
2395,成城変電所,東京都,一致なし,,,
2396,戸崎変電所,東京都,一致なし,,,
2397,扇橋変電所,東京都,一致なし,,,
2398,押部変電所,東京都,一致なし,,,
2399,敷島変電所,山梨県,一致なし,,,
2400,新井宿変電所,東京都,一致なし,,,
2401,新和泉町変電所,東京都,一致なし,,,
2402,新富変電所,東京都,一致なし,,,
2403,新小川町変電所,東京都,一致(東京都),35.705859,139.743276,新小川町変電所
2404,新木場変電所,東京都,一致(東京都),35.643562,139.825226,新木場変電所
2405,新橋変電所,東京都,一致なし,,,
2406,新玉変電所,神奈川県,一致なし,,,
2407,日下部変電所,山梨県,一致なし,,,
2408,日之出変電所,東京都,一致なし,,,
2409,日吉変電所,神奈川県,一致なし,,,
2410,日暮里変電所,東京都,一致なし,,,
2411,日比谷変電所,東京都,一致なし,,,
2412,日進町変電所,神奈川県,一致なし,,,
2413,早川変電所,神奈川県,一致なし,,,
2414,早川第一変電所,山梨県,一致なし,,,
2415,早川第三変電所,山梨県,一致なし,,,
2416,早稲田変電所,東京都,一致なし,,,
2417,旭台変電所,埼玉県,一致なし,,,
2418,旭町変電所,東京都,一致(東京都),35.746992,139.810128,旭町変電所
2420,明穂変電所,山梨県,一致なし,,,
2421,星川変電所,神奈川県,一致なし,,,
2422,春日変電所,東京都,一致なし,,,
2423,晴海変電所,東京都,一致なし,,,
2424,月光町変電所,東京都,一致なし,,,
2425,月島変電所,東京都,一致なし,,,
2426,有明町変電所,東京都,一致(東京都),35.641719,139.802879,有明町変電所
2428,木挽町変電所,東京都,一致なし,,,
2429,木有戸変電所,茨城県,一致なし,,,
2430,本所変電所,東京都,一致なし,,,
2431,本牧変電所,神奈川県,一致なし,,,
2432,本蒲田変電所,東京都,一致なし,,,
2433,本郷変電所,東京都,一致なし,,,
2434,本銀町変電所,東京都,一致なし,,,
2435,杉田変電所,神奈川県,一致なし,,,
2436,東世田谷変電所,東京都,一致なし,,,
2437,東八潮局配変電所,埼玉県,一致なし,,,
2439,東品川変電所,東京都,一致なし,,,
2440,東大和変電所,東京都,一致なし,,,
2441,東大崎変電所,東京都,一致なし,,,
2442,東山田変電所,神奈川県,一致なし,,,
2443,東戸塚変電所,神奈川県,一致なし,,,
2444,東扇島変電所,神奈川県,一致なし,,,
2445,東村山変電所,東京都,一致なし,,,
2446,東海町変電所,東京都,一致(東京都),35.578764,139.755544,東海町変電所
2447,東熊谷変電所,埼玉県,一致なし,,,
2448,東町変電所,埼玉県,一致なし,,,
2449,東神奈川変電所,神奈川県,一致なし,,,
2450,東葛西変電所,東京都,一致(東京都),35.651489,139.881912,東葛西変電所
2451,東銀座変電所,東京都,一致なし,,,
2452,松原変電所,東京都,一致なし,,,
2453,松岡変電所,静岡県,一致なし,,,
2454,松崎変電所,静岡県,一致なし,,,
2455,松本変電所,静岡県,一致なし,,,
2456,松葉町変電所,東京都,一致なし,,,
2457,松飛台変電所,千葉県,一致なし,,,
2459,板鼻変電所,群馬県,一致なし,,,
2460,枝川町変電所,東京都,一致(東京都),35.659048,139.805741,枝川町変電所
2461,柏尾変電所,山梨県,一致なし,,,
2462,柏木変電所,東京都,一致なし,,,
2463,柏東口変電所,千葉県,一致なし,,,
2464,柏町変電所,東京都,一致なし,,,
2465,柏高田変電所,千葉県,一致なし,,,
2466,柳島変電所,東京都,一致なし,,,
2467,柳田変電所,東京都,一致なし,,,
2469,根坂間変電所,神奈川県,一致なし,,,
2470,根岸変電所,東京都,一致なし,,,
2471,根郷変電所,千葉県,一致なし,,,
2472,桜ヶ丘変電所,東京都,一致なし,,,
2473,桜木町変電所,神奈川県,一致なし,,,
2474,桜橋変電所,神奈川県,一致なし,,,
2475,桜町変電所,山梨県,一致なし,,,
2476,梅屋敷変電所,東京都,一致(東京都),35.564317,139.735393,梅屋敷変電所
2477,梅田変電所,神奈川県,一致なし,,,
2478,梅田東変電所,東京都,一致なし,,,
2479,梶ヶ谷変電所,神奈川県,一致なし,,,
2480,森ヶ崎変電所,東京都,一致(東京都),35.561356,139.746717,森ヶ崎変電所
2481,森下変電所,群馬県,一致なし,,,
2483,権現堂変電所,千葉県,一致なし,,,
2484,横曾根変電所,埼玉県,一致なし,,,
2485,橋場変電所,東京都,一致なし,,,
2486,武蔵藤沢変電所,埼玉県,一致なし,,,
2488,毛呂山変電所,埼玉県,一致なし,,,
2489,水上変電所,群馬県,一致なし,,,
2490,水沢変電所,神奈川県,一致なし,,,
2491,氷川変電所,東京都,一致なし,,,
2492,永田町変電所,東京都,一致なし,,,
2493,江古田変電所,東京都,一致なし,,,
2494,江戸崎変電所,茨城県,一致なし,,,
2495,江戸川台変電所,千葉県,一致なし,,,
2496,江戸橋変電所,東京都,一致なし,,,
2497,江草変電所,山梨県,一致なし,,,
2498,池尻変電所,東京都,一致なし,,,
2499,河原町変電所,東京都,一致(東京都),35.742759,139.799648,河原町変電所
2500,河津変電所,静岡県,一致なし,,,
2501,河田町変電所,東京都,一致なし,,,
2503,津田変電所,静岡県,一致なし,,,
2504,津田沼変電所,千葉県,一致なし,,,
2505,津金変電所,山梨県,一致なし,,,
2506,浅草変電所,東京都,一致なし,,,
2507,浜松町変電所,東京都,一致なし,,,
2508,浜町変電所,東京都,一致なし,,,
2509,浦和局変電所,埼玉県,一致なし,,,
2510,浦安変電所,千葉県,一致(千葉県),35.649785,139.922801,浦安変電所
2511,浮島変電所,神奈川県,一致なし,,,
2512,浮間変電所,東京都,一致(東京都),35.788551,139.700851,浮間変電所
2513,海浜変電所,千葉県,一致なし,,,
2515,深川変電所,東京都,一致(東京都),35.670082,139.802547,深川変電所
2516,深良変電所,静岡県,一致なし,,,
2517,深谷変電所,埼玉県,一致なし,,,
2518,清新変電所,神奈川県,一致なし,,,
2519,清正公前変電所,東京都,一致なし,,,
2520,清瀬変電所,東京都,一致なし,,,
2521,清里変電所,山梨県,一致なし,,,
2522,渋江変電所,東京都,一致なし,,,
2523,渋谷変電所,東京都,一致なし,,,
2524,湊町変電所,千葉県,一致なし,,,
2525,湯宿変電所,群馬県,一致なし,,,
2526,湯島変電所,東京都,一致なし,,,
2527,湯河原変電所,神奈川県,一致なし,,,
2528,溝ノ口変電所,神奈川県,一致なし,,,
2529,溝原配電塔,千葉県,一致なし,,,
2530,滝台変電所,千葉県,一致なし,,,
2531,滝川変電所,静岡県,一致なし,,,
2532,熱川変電所,静岡県,一致なし,,,
2533,牛込変電所,東京都,一致なし,,,
2534,犬吠変電所,千葉県,一致なし,,,
2536,玉の井変電所,東京都,一致なし,,,
2537,玉諸変電所,山梨県,一致なし,,,
2538,瑞穂町変電所,東京都,一致なし,,,
2539,生麦変電所,神奈川県,一致なし,,,
2540,用賀変電所,東京都,一致なし,,,
2541,田園調布変電所,東京都,一致なし,,,
2542,田村変電所,神奈川県,一致なし,,,
2543,田無変電所,東京都,一致(東京都),35.732522,139.52232,田無変電所
2544,田町変電所,東京都,一致なし,,,
2545,田野倉変電所,山梨県,一致なし,,,
2547,甲西変電所,山梨県,一致なし,,,
2548,町屋変電所,東京都,一致なし,,,
2549,番町変電所,東京都,一致なし,,,
2550,番衆変電所,東京都,一致なし,,,
2551,登戸変電所,神奈川県,一致なし,,,
2552,登戸町変電所,千葉県,一致なし,,,
2553,白山変電所,東京都,一致なし,,,
2554,白根町変電所,山梨県,一致なし,,,
2555,白田変電所,静岡県,一致なし,,,
2556,白魚橋変電所,東京都,一致なし,,,
2557,白鷺変電所,神奈川県,一致なし,,,
2558,目白変電所,東京都,一致なし,,,
2559,目黒変電所,東京都,一致なし,,,
2560,相老変電所,群馬県,一致なし,,,
2561,矢崎変電所,東京都,一致なし,,,
2562,矢部変電所,神奈川県,一致なし,,,
2563,石和変電所,山梨県,一致なし,,,
2564,石川変電所,神奈川県,一致なし,,,
2565,石川町変電所,東京都,一致なし,,,
2567,砂町変電所,東京都,一致なし,,,
2568,碑文谷変電所,東京都,一致なし,,,
2571,祖師谷変電所,東京都,一致なし,,,
2572,神保町変電所,東京都,一致なし,,,
2573,神奈川変電所,神奈川県,一致なし,,,
2574,神明変電所,神奈川県,一致(神奈川県),35.224363,139.708705,東京電力 神明変電所
2575,神明町変電所,千葉県,一致なし,,,
2576,神泉町変電所,東京都,一致なし,,,
2577,神田変電所,東京都,一致(東京都),35.692837,139.764005,神田変電所
2578,神田東口変電所,東京都,一致なし,,,
2579,福住変電所,東京都,一致(東京都),35.675532,139.794488,福住変電所
2580,福浦変電所,神奈川県,一致なし,,,
2581,福神橋変電所,東京都,一致なし,,,
2582,稲取変電所,静岡県,一致なし,,,
2584,稲荷台局配変電所,東京都,一致なし,,,
2585,稲荷町変電所,東京都,一致なし,,,
2586,空港51号変電所,東京都,一致なし,,,
2587,竜王変電所,山梨県,一致なし,,,
2588,竪堀変電所,静岡県,一致なし,,,
2589,竪川変電所,東京都,一致なし,,,
2590,竹松変電所,神奈川県,一致なし,,,
2591,竹町変電所,東京都,一致なし,,,
2592,竹間沢変電所,埼玉県,一致なし,,,
2593,笛吹変電所,山梨県,一致なし,,,
2594,笹塚変電所,東京都,一致なし,,,
2595,笹目北町変電所,埼玉県,一致なし,,,
2596,等々力変電所,東京都,一致なし,,,
2597,筑波変電所,茨城県,一致なし,,,
2598,箕田変電所,埼玉県,一致なし,,,
2599,箭弓変電所,埼玉県,一致なし,,,
2600,築地変電所,東京都,一致なし,,,
2601,糀谷変電所,東京都,一致(東京都),35.557242,139.74,糀谷変電所
2602,紅葉台変電所,山梨県,一致なし,,,
2603,網代変電所,静岡県,一致なし,,,
2604,網戸変電所,千葉県,一致なし,,,
2606,緑町変電所,東京都,一致なし,,,
2607,能見台変電所,神奈川県,一致なし,,,
2608,脇田変電所,埼玉県,一致なし,,,
2609,自由ヶ丘変電所,東京都,一致なし,,,
2610,芝山変電所,千葉県,一致なし,,,
2611,芝浦変電所,東京都,一致なし,,,
2612,芦安変電所,山梨県,一致なし,,,
2613,花園変電所,東京都,一致なし,,,
2614,芳町変電所,東京都,一致(東京都),35.685782,139.77988,芳町変電所
2616,若松台変電所,千葉県,一致なし,,,
2617,若松町変電所,神奈川県,一致なし,,,
2618,若葉町変電所,東京都,一致なし,,,
2619,茅場町変電所,東京都,一致(東京都),35.678993,139.780765,茅場町変電所
2620,荏原変電所,東京都,一致なし,,,
2621,荒木町変電所,東京都,一致なし,,,
2622,荒砥変電所,群馬県,一致なし,,,
2623,荻窪変電所,東京都,一致なし,,,
2624,菅沼変電所,静岡県,一致なし,,,
2625,菅野変電所,千葉県,一致なし,,,
2626,菊川変電所,東京都,一致なし,,,
2627,葵町変電所,東京都,一致なし,,,
2629,蓮根変電所,東京都,一致(東京都),35.788572,139.680742,蓮根変電所
2630,蓮沼変電所,東京都,一致なし,,,
2631,蔵前変電所,東京都,一致なし,,,
2632,藤野変電所,神奈川県,一致なし,,,
2633,蠣浜変電所,東京都,一致なし,,,
2634,行田変電所,埼玉県,一致なし,,,
2635,袋町変電所,東京都,一致(東京都),35.781382,139.70562,袋町変電所
2636,西久保変電所,東京都,一致なし,,,
2637,西五反田変電所,東京都,一致なし,,,
2638,西八丁堀変電所,東京都,一致なし,,,
2639,西北原変電所,東京都,一致なし,,,
2640,西台変電所,東京都,一致なし,,,
2641,西堀変電所,埼玉県,一致なし,,,
2642,西新井変電所,東京都,一致なし,,,
2643,西松戸変電所,千葉県,一致なし,,,
2644,西板橋変電所,東京都,一致なし,,,
2645,西芝浦変電所,東京都,一致なし,,,
2646,西茅場変電所,東京都,一致なし,,,
2647,西落合変電所,東京都,一致なし,,,
2648,西蒲田変電所,東京都,一致なし,,,
2649,西赤羽変電所,東京都,一致なし,,,
2650,西銀座変電所,東京都,一致なし,,,
2651,西鶴間変電所,神奈川県,一致なし,,,
2652,要町変電所,東京都,一致なし,,,
2653,調布ヶ丘変電所,東京都,一致なし,,,
2654,諏訪木変電所,東京都,一致なし,,,
2655,谷保変電所,東京都,一致なし,,,
2656,豊富変電所,山梨県,一致なし,,,
2657,豊島町変電所,東京都,一致なし,,,
2658,豊洲1号変電所,東京都,一致なし,,,
2659,豊玉変電所,東京都,一致なし,,,
2660,貝山変電所,神奈川県,一致なし,,,
2661,貫井変電所,東京都,一致なし,,,
2662,赤坂変電所,東京都,一致なし,,,
2663,足柄変電所,神奈川県,一致なし,,,
2664,追分変電所,東京都,一致なし,,,
2665,通町東変電所,東京都,一致なし,,,
2666,道塚変電所,東京都,一致(東京都),35.555533,139.707757,道塚変電所
2667,野火止変電所,埼玉県,一致なし,,,
2668,金ヶ作変電所,千葉県,一致なし,,,
2669,金子変電所,神奈川県,一致なし,,,
2670,金山変電所,群馬県,一致なし,,,
2671,金王坂変電所,東京都,一致なし,,,
2672,金町変電所,東京都,一致なし,,,
2673,鈴木町変電所,東京都,一致なし,,,
2674,錦町変電所,東京都,一致(東京都),35.692309,139.759978,錦町変電所
2675,錦糸町変電所,東京都,一致なし,,,
2676,鍛冶橋変電所,東京都,一致なし,,,
2677,鎌取変電所,千葉県,一致なし,,,
2678,鐘ヶ渕変電所,山梨県,一致なし,,,
2680,長岡変電所,静岡県,一致なし,,,
2682,長後変電所,神奈川県,一致なし,,,
2683,長者町変電所,神奈川県,一致なし,,,
2685,長野原変電所,群馬県,一致なし,,,
2686,間門変電所,静岡県,一致なし,,,
2688,阿佐谷変電所,東京都,一致なし,,,
2689,霞ヶ関変電所,東京都,一致なし,,,
2690,青山変電所,東京都,一致なし,,,
2691,青戸変電所,東京都,一致(東京都),35.745589,139.849427,青戸変電所
2692,青木町変電所,神奈川県,一致なし,,,
2693,青梅橋変電所,東京都,一致なし,,,
2694,青葉町変電所,東京都,一致なし,,,
2696,韮崎変電所,山梨県,一致なし,,,
2697,音羽変電所,東京都,一致(東京都),35.716084,139.728343,音羽変電所
2698,須津変電所,静岡県,一致なし,,,
2699,須田町変電所,東京都,一致なし,,,
2700,須田貝変電所,群馬県,一致なし,,,
2701,須走変電所,静岡県,一致なし,,,
2702,領家変電所,埼玉県,一致なし,,,
2704,飯倉変電所,東京都,一致なし,,,
2705,飯富変電所,山梨県,一致なし,,,
2706,飯田橋変電所,東京都,一致なし,,,
2707,館山主変電所,千葉県,一致なし,,,
2708,香貫変電所,静岡県,一致なし,,,
2709,馬込変電所,東京都,一致なし,,,
2710,駿河台変電所,東京都,一致なし,,,
2711,高島変電所,静岡県,一致なし,,,
2713,高松変電所,東京都,一致なし,,,
2714,高田変電所,神奈川県,一致なし,,,
2715,高砂変電所,東京都,一致(東京都),35.756394,139.862553,高砂変電所
2716,鮫洲変電所,東京都,一致なし,,,
2717,鳥取町変電所,群馬県,一致なし,,,
2718,鳩山変電所,埼玉県,一致なし,,,
2719,鵠沼変電所,神奈川県,一致なし,,,
2720,鶴巻町変電所,東京都,一致なし,,,
2721,鶴見変電所,神奈川県,一致なし,,,
2722,鷹番変電所,東京都,一致なし,,,
2723,鷺高変電所,埼玉県,一致なし,,,
2724,鹿沢変電所,群馬県,一致なし,,,
2725,鹿渡変電所,千葉県,一致なし,,,
2726,鹿野沢変電所,群馬県,一致なし,,,
2727,鹿骨変電所,東京都,一致なし,,,
2728,麹町変電所,東京都,一致なし,,,
2729,麻布変電所,東京都,一致なし,,,
2732,黒谷変電所,埼玉県,一致なし,,,
2903,東栄変電所,,一致なし,,,
2904,下広井変電所,愛知県,一致なし,,,
2905,中勢変電所,三重県,一致(三重県),34.716189,136.405846,中勢変電所
2906,中濃変電所,岐阜県,一致なし,,,
2909,名城変電所,愛知県,一致なし,,,
2910,安倍変電所,静岡県,一致なし,,,
2911,尾鷲変電所,三重県,一致なし,,,
2912,川越変電所,三重県,一致なし,,,
2913,新佐倉変電所,静岡県,一致なし,,,
2914,東海変電所,愛知県,一致なし,,,
2915,松ケ枝変電所,愛知県,一致なし,,,
2916,牛島町変電所,愛知県,一致なし,,,
2917,知多火力変電所,愛知県,一致なし,,,
2918,碧南変電所,愛知県,一致なし,,,
2919,金山変電所,愛知県,一致なし,,,
2920,中沢変電所,静岡県,一致なし,,,
2921,久々野水力変電所,岐阜県,一致なし,,,
2922,二軒小屋水力変電所,静岡県,一致なし,,,
2923,井川水力変電所,静岡県,一致なし,,,
2924,北信変電所,長野県,一致なし,,,
2925,北原変電所,長野県,一致なし,,,
2926,北又渡水力変電所,長野県,一致なし,,,
2927,北大出変電所,長野県,一致なし,,,
2928,南島変電所,三重県,一致なし,,,
2930,南箕輪変電所,長野県,一致なし,,,
2931,四日市火力変電所,三重県,一致なし,,,
2932,夏山変電所,愛知県,一致なし,,,
2933,大井川水力変電所,静岡県,一致なし,,,
2934,大原変電所,長野県,一致なし,,,
2935,天花寺変電所,三重県,一致なし,,,
2936,奥泉水力変電所,静岡県,一致なし,,,
2937,奥領家変電所,静岡県,一致なし,,,
2938,宮川第二発変電所,三重県,一致なし,,,
2939,小坂水力変電所,岐阜県,一致なし,,,
2940,川辺水力変電所,岐阜県,一致なし,,,
2941,布池変電所,愛知県,一致なし,,,
2942,平岡水力変電所,長野県,一致なし,,,
2943,志太変電所,静岡県,一致なし,,,
2944,春近変電所,長野県,一致なし,,,
2945,朝日水力変電所,岐阜県,一致なし,,,
2946,東上田水力変電所,岐阜県,一致なし,,,
2947,栃原変電所,三重県,一致なし,,,
2948,根方水力変電所,岐阜県,一致なし,,,
2949,梅原変電所,岐阜県,一致なし,,,
2951,武豊火力変電所,愛知県,一致なし,,,
2952,水内変電所,長野県,一致なし,,,
2953,滝原変電所,三重県,一致なし,,,
2954,潮見変電所,愛知県,一致なし,,,
2955,瀬戸水力変電所,岐阜県,一致なし,,,
2956,玉川変電所,愛知県,一致なし,,,
2958,畑薙第一水力変電所,静岡県,一致なし,,,
2959,畑薙第二水力変電所,静岡県,一致なし,,,
2960,知多変電所,愛知県,一致なし,,,
2961,秋葉変電所,静岡県,一致なし,,,
2962,紀勢変電所,三重県,一致なし,,,
2963,豊水力変電所,長野県,一致なし,,,
2964,赤石水力変電所,静岡県,一致なし,,,
2965,赤石沢水力変電所,静岡県,一致なし,,,
2966,霞沢変電所,長野県,一致なし,,,
2967,飛島変電所,愛知県,一致なし,,,
2968,飯島水力変電所,長野県,一致なし,,,
2969,飯田変電所,長野県,一致なし,,,
2970,馬瀬川第二水力変電所,岐阜県,一致なし,,,
2971,高山変電所,岐阜県,一致なし,,,
2972,高根第二水力変電所,岐阜県,一致なし,,,
2973,あのつ台変電所,三重県,一致なし,,,
2974,ゆめが丘変電所,三重県,一致なし,,,
2975,一本松変電所,愛知県,一致なし,,,
2976,一社変電所,愛知県,一致なし,,,
2977,一色変電所,愛知県,一致なし,,,
2978,一身田変電所,三重県,一致なし,,,
2979,七ツ寺変電所,愛知県,一致なし,,,
2980,七宗水力変電所,岐阜県,一致なし,,,
2981,七日町変電所,岐阜県,一致なし,,,
2983,三保変電所,静岡県,一致なし,,,
2984,三好ヶ丘変電所,愛知県,一致なし,,,
2985,三岡変電所,長野県,一致なし,,,
2987,三谷変電所,愛知県,一致なし,,,
2988,三郷変電所,愛知県,一致なし,,,
2989,三雲変電所,三重県,一致なし,,,
2990,上之郷変電所,岐阜県,一致なし,,,
2991,上千田変電所,長野県,一致なし,,,
2992,上地変電所,愛知県,一致なし,,,
2993,上境変電所,長野県,一致なし,,,
2994,上村水力変電所,岐阜県,一致なし,,,
2995,上枝変電所,岐阜県,一致なし,,,
2996,上田変電所,長野県,一致なし,,,
2997,上諏訪変電所,長野県,一致なし,,,
2998,上郷変電所,長野県,一致なし,,,
2999,上野変電所,三重県,一致なし,,,
3000,上面変電所,岐阜県,一致なし,,,
3001,上麻生水力変電所,岐阜県,一致なし,,,
3002,下俣変電所,静岡県,一致なし,,,
3003,下八町変電所,長野県,一致なし,,,
3004,下地変電所,愛知県,一致なし,,,
3005,下有知変電所,岐阜県,一致なし,,,
3006,下朝比奈変電所,静岡県,一致なし,,,
3007,下村水力変電所,岐阜県,一致なし,,,
3009,下瀬変電所,長野県,一致なし,,,
3010,下牧変電所,岐阜県,一致なし,,,
3011,下石変電所,岐阜県,一致なし,,,
3012,下迫間変電所,岐阜県,一致なし,,,
3013,中切町変電所,愛知県,一致なし,,,
3014,中央町変電所,三重県,一致なし,,,
3015,中島変電所,愛知県,一致なし,,,
3016,中御所変電所,長野県,一致なし,,,
3017,中津変電所,岐阜県,一致なし,,,
3019,中軽井沢変電所,長野県,一致なし,,,
3020,中込変電所,長野県,一致なし,,,
3021,中郷変電所,愛知県,一致なし,,,
3022,中野変電所,長野県,一致なし,,,
3023,丸子変電所,長野県,一致なし,,,
3024,久々利変電所,岐阜県,一致なし,,,
3025,久居変電所,三重県,一致なし,,,
3026,久野脇水力変電所,静岡県,一致なし,,,
3027,乙川変電所,愛知県,一致なし,,,
3028,亀崎変電所,愛知県,一致なし,,,
3030,二俣変電所,静岡県,一致なし,,,
3031,二川変電所,愛知県,一致なし,,,
3032,二本木変電所,三重県,一致なし,,,
3033,五ヶ所変電所,三重県,一致なし,,,
3034,五和変電所,静岡県,一致なし,,,
3035,五曲変電所,三重県,一致なし,,,
3036,五祝変電所,三重県,一致なし,,,
3037,今井変電所,長野県,一致なし,,,
3038,今伊勢変電所,愛知県,一致なし,,,
3039,今尾変電所,岐阜県,一致なし,,,
3040,今川変電所,岐阜県,一致なし,,,
3041,今市場変電所,愛知県,一致なし,,,
3042,付知変電所,岐阜県,一致なし,,,
3043,仲沖変電所,愛知県,一致なし,,,
3044,伊賀良変電所,長野県,一致なし,,,
3045,伊那町変電所,長野県,一致なし,,,
3046,伏見変電所,岐阜県,一致なし,,,
3047,伝馬町新田変電所,静岡県,一致なし,,,
3048,住吉変電所,岐阜県,一致なし,,,
3049,住吉町変電所,三重県,一致なし,,,
3050,佐倉変電所,静岡県,一致なし,,,
3051,佐屋変電所,愛知県,一致なし,,,
3052,佐那具変電所,三重県,一致なし,,,
3053,倉屋敷変電所,岐阜県,一致なし,,,
3055,八幡変電所,岐阜県,一致なし,,,
3056,八百津変電所,岐阜県,一致なし,,,
3058,八那池第一水力変電所,長野県,一致なし,,,
3059,六合変電所,静岡県,一致なし,,,
3060,六条変電所,岐阜県,一致なし,,,
3061,六番町変電所,愛知県,一致なし,,,
3062,六石変電所,三重県,一致なし,,,
3063,六郷変電所,愛知県,一致なし,,,
3064,共和変電所,愛知県,一致なし,,,
3065,内多変電所,三重県,一致なし,,,
3066,内牧変電所,静岡県,一致なし,,,
3067,出川変電所,長野県,一致なし,,,
3068,初倉変電所,静岡県,一致なし,,,
3069,利右衛門変電所,静岡県,一致なし,,,
3071,加沢変電所,長野県,一致なし,,,
3072,加納栄変電所,岐阜県,一致なし,,,
3073,加茂野変電所,岐阜県,一致なし,,,
3074,北中込変電所,長野県,一致なし,,,
3075,北城変電所,長野県,一致なし,,,
3076,北大町変電所,長野県,一致なし,,,
3077,北山変電所,長野県,一致なし,,,
3078,北崎変電所,愛知県,一致なし,,,
3079,北新田変電所,静岡県,一致なし,,,
3080,北条変電所,三重県,一致なし,,,
3081,北浅羽変電所,静岡県,一致なし,,,
3082,北竜湖変電所,長野県,一致なし,,,
3083,北野変電所,愛知県,一致なし,,,
3084,十一屋変電所,愛知県,一致なし,,,
3085,十三塚変電所,愛知県,一致なし,,,
3086,千秋変電所,愛知県,一致なし,,,
3087,千種変電所,愛知県,一致なし,,,
3088,半田変電所,愛知県,一致なし,,,
3090,南上田変電所,長野県,一致なし,,,
3091,南刈谷変電所,愛知県,一致なし,,,
3092,南原変電所,長野県,一致なし,,,
3093,南岐阜変電所,岐阜県,一致なし,,,
3094,南木曽変電所,長野県,一致なし,,,
3095,南柴田変電所,愛知県,一致なし,,,
3096,南桜変電所,愛知県,一致なし,,,
3097,南武豊変電所,愛知県,一致なし,,,
3098,南豊科変電所,長野県,一致なし,,,
3099,印場変電所,愛知県,一致なし,,,
3100,厚見変電所,岐阜県,一致なし,,,
3101,原島変電所,静岡県,一致なし,,,
3102,又丸変電所,岐阜県,一致なし,,,
3103,古井変電所,愛知県,一致なし,,,
3105,古川変電所,岐阜県,一致なし,,,
3106,古庄変電所,静岡県,一致なし,,,
3107,古河変電所,三重県,一致なし,,,
3108,古真立変電所,愛知県,一致なし,,,
3109,古知野変電所,愛知県,一致なし,,,
3110,古里変電所,三重県,一致なし,,,
3111,可児変電所,岐阜県,一致なし,,,
3112,可睡変電所,静岡県,一致なし,,,
3113,吉根変電所,愛知県,一致なし,,,
3114,吉浜変電所,愛知県,一致なし,,,
3115,吉田変電所,長野県,一致なし,,,
3116,吉田町変電所,静岡県,一致なし,,,
3117,吉良変電所,愛知県,一致なし,,,
3118,名倉水力変電所,岐阜県,一致なし,,,
3121,味岡変電所,愛知県,一致なし,,,
3122,和会変電所,愛知県,一致なし,,,
3123,和合変電所,愛知県,一致なし,,,
3124,和村変電所,長野県,一致なし,,,
3125,和田西変電所,長野県,一致なし,,,
3126,品野変電所,愛知県,一致なし,,,
3127,員弁変電所,三重県,一致なし,,,
3128,四十九変電所,三重県,一致なし,,,
3129,四港変電所,三重県,一致なし,,,
3130,国府宮変電所,愛知県,一致なし,,,
3131,土岐津変電所,岐阜県,一致なし,,,
3132,土方変電所,静岡県,一致なし,,,
3133,土田変電所,岐阜県,一致なし,,,
3135,地頭方変電所,静岡県,一致なし,,,
3136,坂下変電所,岐阜県,一致なし,,,
3137,坂北変電所,長野県,一致なし,,,
3138,垂井変電所,岐阜県,一致なし,,,
3139,垂坂変電所,三重県,一致なし,,,
3140,城南変電所,三重県,一致なし,,,
3141,堀之内変電所,長野県,一致なし,,,
3142,堀木変電所,三重県,一致なし,,,
3143,堅神変電所,三重県,一致なし,,,
3144,堺変電所,愛知県,一致なし,,,
3145,塚原変電所,長野県,一致なし,,,
3146,塩江変電所,三重県,一致なし,,,
3147,塩田変電所,長野県,一致なし,,,
3148,壁田変電所,長野県,一致なし,,,
3149,外宮前変電所,三重県,一致なし,,,
3150,多度変電所,三重県,一致なし,,,
3151,多気変電所,三重県,一致なし,,,
3152,多治見変電所,岐阜県,一致なし,,,
3153,大久保変電所,愛知県,一致なし,,,
3154,大久手変電所,岐阜県,一致なし,,,
3155,大安変電所,三重県,一致なし,,,
3156,大安寺変電所,岐阜県,一致なし,,,
3157,大山田変電所,三重県,一致なし,,,
3158,大島変電所,岐阜県,一致なし,,,
3159,大平変電所,愛知県,一致なし,,,
3160,大手変電所,愛知県,一致なし,,,
3161,大新島変電所,静岡県,一致なし,,,
3162,大東変電所,愛知県,一致なし,,,
3163,大治田町変電所,三重県,一致なし,,,
3164,大浜変電所,愛知県,一致なし,,,
3165,大牧変電所,愛知県,一致なし,,,
3166,大町変電所,長野県,一致なし,,,
3167,大畑変電所,岐阜県,一致なし,,,
3168,大矢田変電所,岐阜県,一致なし,,,
3169,大船渡水力変電所,岐阜県,一致なし,,,
3170,大草変電所,愛知県,一致なし,,,
3171,大谷変電所,愛知県,一致なし,,,
3172,大豆島変電所,長野県,一致なし,,,
3173,大野変電所,岐阜県,一致なし,,,
3174,大野木変電所,愛知県,一致なし,,,
3175,大針変電所,岐阜県,一致なし,,,
3176,大門変電所,長野県,一致なし,,,
3177,大間水力変電所,静岡県,一致なし,,,
3178,大間見変電所,岐阜県,一致なし,,,
3179,天伯変電所,愛知県,一致なし,,,
3180,天神町変電所,三重県,一致なし,,,
3181,奥志賀変電所,長野県,一致なし,,,
3182,妻木変電所,岐阜県,一致なし,,,
3183,姫川第二水力変電所,長野県,一致なし,,,
3184,守山変電所,愛知県,一致なし,,,
3185,安八変電所,岐阜県,一致なし,,,
3186,安東変電所,静岡県,一致なし,,,
3187,安西変電所,静岡県,一致なし,,,
3188,安養寺変電所,静岡県,一致なし,,,
3189,宍原変電所,静岡県,一致なし,,,
3190,宗高変電所,静岡県,一致なし,,,
3191,宝町変電所,愛知県,一致なし,,,
3192,室村変電所,岐阜県,一致なし,,,
3193,宮口変電所,愛知県,一致なし,,,
3194,富之保変電所,岐阜県,一致なし,,,
3195,富加変電所,岐阜県,一致なし,,,
3196,富士川変電所,静岡県,一致なし,,,
3197,富士見変電所,長野県,一致なし,,,
3198,富好変電所,愛知県,一致なし,,,
3199,富草変電所,長野県,一致なし,,,
3200,寺津変電所,愛知県,一致なし,,,
3201,寺脇変電所,静岡県,一致なし,,,
3202,寿変電所,長野県,一致なし,,,
3203,小屋名変電所,岐阜県,一致なし,,,
3204,小島変電所,岐阜県,一致なし,,,
3205,小川変電所,静岡県,一致なし,,,
3206,小幡変電所,愛知県,一致なし,,,
3207,小木変電所,愛知県,一致なし,,,
3208,小松変電所,静岡県,一致なし,,,
3209,小柳津変電所,静岡県,一致なし,,,
3210,小熊野変電所,岐阜県,一致なし,,,
3211,小諸変電所,長野県,一致なし,,,
3212,小赤見変電所,愛知県,一致なし,,,
3213,尾崎変電所,愛知県,一致なし,,,
3214,山中町変電所,愛知県,一致なし,,,
3215,山口町変電所,愛知県,一致なし,,,
3216,山王変電所,岐阜県,一致なし,,,
3217,山田変電所,三重県,一致(三重県),34.508493,136.716679,山田変電所
3219,岐礼変電所,岐阜県,一致なし,,,
3220,岡田変電所,愛知県,一致なし,,,
3221,岡町変電所,愛知県,一致なし,,,
3222,岡部変電所,静岡県,一致なし,,,
3223,岩作変電所,愛知県,一致なし,,,
3224,岩村変電所,岐阜県,一致なし,,,
3225,岩村田変電所,長野県,一致なし,,,
3227,岸田変電所,三重県,一致なし,,,
3228,島立変電所,長野県,一致なし,,,
3229,川上変電所,静岡県,一致なし,,,
3230,川原変電所,三重県,一致なし,,,
3231,川合変電所,三重県,一致なし,,,
3232,川島変電所,岐阜県,一致なし,,,
3233,川田変電所,愛知県,一致なし,,,
3234,川辺変電所,静岡県,一致なし,,,
3235,巽変電所,愛知県,一致なし,,,
3236,市子変電所,愛知県,一致なし,,,
3237,師勝変電所,愛知県,一致なし,,,
3238,帷子変電所,岐阜県,一致なし,,,
3239,常滑変電所,愛知県,一致なし,,,
3240,常磐変電所,三重県,一致なし,,,
3241,幡豆変電所,愛知県,一致なし,,,
3242,平尾変電所,三重県,一致なし,,,
3243,平田変電所,静岡県,一致なし,,,
3244,平穏第一水力変電所,長野県,一致なし,,,
3245,平野変電所,愛知県,一致なし,,,
3246,平針変電所,愛知県,一致なし,,,
3247,広丘変電所,長野県,一致なし,,,
3248,広神戸変電所,岐阜県,一致なし,,,
3249,広陽変電所,三重県,一致なし,,,
3251,庄野変電所,三重県,一致なし,,,
3252,度会橋変電所,三重県,一致なし,,,
3253,庵原変電所,静岡県,一致なし,,,
3254,康生変電所,愛知県,一致なし,,,
3256,弥富変電所,愛知県,一致なし,,,
3257,弥次ヱ変電所,愛知県,一致なし,,,
3258,当新田変電所,三重県,一致なし,,,
3259,当知変電所,愛知県,一致なし,,,
3260,形原変電所,愛知県,一致なし,,,
3261,後田変電所,岐阜県,一致なし,,,
3262,御代田変電所,長野県,一致なし,,,
3263,御前崎変電所,静岡県,一致なし,,,
3264,御嵩変電所,岐阜県,一致なし,,,
3265,徳原変電所,愛知県,一致なし,,,
3266,志久見川第一水力変電所,長野県,一致なし,,,
3267,志久見川第二水力変電所,長野県,一致なし,,,
3268,志賀高原変電所,長野県,一致なし,,,
3269,成岩変電所,愛知県,一致なし,,,
3270,成田変電所,長野県,一致なし,,,
3271,戸崎変電所,愛知県,一致なし,,,
3272,戸隠変電所,長野県,一致なし,,,
3273,扶桑変電所,愛知県,一致なし,,,
3274,押淵変電所,三重県,一致なし,,,
3275,挙母変電所,愛知県,一致なし,,,
3276,振甫変電所,愛知県,一致なし,,,
3277,播磨変電所,三重県,一致なし,,,
3278,文京変電所,愛知県,一致なし,,,
3279,斉宮変電所,三重県,一致なし,,,
3281,新太田切水力変電所,長野県,一致なし,,,
3282,新富変電所,愛知県,一致なし,,,
3283,新屋変電所,長野県,一致なし,,,
3286,新本町変電所,愛知県,一致なし,,,
3287,新榛原変電所,静岡県,一致なし,,,
3289,新知変電所,愛知県,一致なし,,,
3290,日下部変電所,愛知県,一致なし,,,
3292,日東町変電所,愛知県,一致なし,,,
3293,日置江変電所,岐阜県,一致なし,,,
3294,日色野変電所,愛知県,一致なし,,,
3295,日長変電所,愛知県,一致なし,,,
3296,旭山変電所,長野県,一致なし,,,
3297,昌栄変電所,三重県,一致なし,,,
3298,明地変電所,愛知県,一致なし,,,
3299,明智変電所,岐阜県,一致なし,,,
3301,星崎変電所,愛知県,一致なし,,,
3302,春日変電所,愛知県,一致なし,,,
3304,昼神水力変電所,長野県,一致なし,,,
3305,時瀬水力変電所,愛知県,一致なし,,,
3306,暁変電所,愛知県,一致なし,,,
3307,月丘町変電所,岐阜県,一致なし,,,
3308,望月変電所,長野県,一致なし,,,
3310,木曽川変電所,愛知県,一致なし,,,
3311,木曽御岳変電所,長野県,一致なし,,,
3312,木曽福島変電所,長野県,一致なし,,,
3313,木曽駒変電所,長野県,一致なし,,,
3314,末広変電所,三重県,一致なし,,,
3315,本地変電所,愛知県,一致なし,,,
3316,本庄変電所,長野県,一致なし,,,
3317,本通変電所,静岡県,一致なし,,,
3318,本郷変電所,長野県,一致なし,,,
3319,杉野変電所,岐阜県,一致なし,,,
3320,東丸之内変電所,三重県,一致なし,,,
3321,東員変電所,三重県,一致なし,,,
3323,東山変電所,愛知県,一致なし,,,
3324,東沢変電所,三重県,一致なし,,,
3325,東田変電所,愛知県,一致なし,,,
3326,東茅野変電所,長野県,一致なし,,,
3327,東青島変電所,静岡県,一致なし,,,
3328,松下変電所,愛知県,一致なし,,,
3329,松原町変電所,静岡県,一致なし,,,
3330,松尾変電所,長野県,一致なし,,,
3331,松川第四水力変電所,長野県,一致なし,,,
3333,松河戸変電所,愛知県,一致なし,,,
3334,松野変電所,静岡県,一致なし,,,
3335,松阪変電所,三重県,一致なし,,,
3336,柏原変電所,長野県,一致なし,,,
3337,柏野変電所,三重県,一致なし,,,
3338,柳町変電所,長野県,一致なし,,,
3339,柿野変電所,岐阜県,一致なし,,,
3340,栂池変電所,長野県,一致なし,,,
3341,根崎変電所,愛知県,一致なし,,,
3342,桃花台変電所,愛知県,一致なし,,,
3343,桑原変電所,長野県,一致なし,,,
3344,桑名変電所,三重県,一致なし,,,
3345,桜変電所,三重県,一致なし,,,
3346,梓水力変電所,長野県,一致なし,,,
3347,森変電所,三重県,一致なし,,,
3348,森町変電所,静岡県,一致なし,,,
3349,楠変電所,三重県,一致なし,,,
3350,楽田変電所,愛知県,一致なし,,,
3351,榎戸変電所,愛知県,一致なし,,,
3352,横内変電所,愛知県,一致なし,,,
3353,横地変電所,静岡県,一致なし,,,
3354,横須賀変電所,愛知県,一致なし,,,
3355,樽川水力変電所,長野県,一致なし,,,
3356,橋北変電所,三重県,一致なし,,,
3357,橋爪変電所,愛知県,一致なし,,,
3358,正地変電所,愛知県,一致なし,,,
3359,正家変電所,岐阜県,一致なし,,,
3360,武豊変電所,愛知県,一致なし,,,
3361,殿岡変電所,長野県,一致なし,,,
3363,気田水力変電所,静岡県,一致なし,,,
3365,水野変電所,愛知県,一致なし,,,
3366,江南変電所,愛知県,一致なし,,,
3367,江尻変電所,静岡県,一致なし,,,
3368,池田変電所,長野県,一致なし,,,
3369,池見変電所,愛知県,一致なし,,,
3370,沓野変電所,長野県,一致なし,,,
3371,沖之島変電所,愛知県,一致なし,,,
3372,沢村変電所,長野県,一致なし,,,
3373,河和変電所,愛知県,一致なし,,,
3374,河芸変電所,三重県,一致なし,,,
3375,泉変電所,愛知県,一致なし,,,
3376,泉北変電所,岐阜県,一致なし,,,
3377,法光寺変電所,愛知県,一致なし,,,
3378,洞戸水力変電所,岐阜県,一致なし,,,
3379,津変電所,三重県,一致なし,,,
3380,津島変電所,愛知県,一致なし,,,
3381,浅川変電所,長野県,一致なし,,,
3383,浅羽町変電所,静岡県,一致なし,,,
3384,浅草変電所,岐阜県,一致なし,,,
3385,浜島変電所,三重県,一致なし,,,
3386,浜町変電所,愛知県,一致なし,,,
3387,浦川変電所,静岡県,一致なし,,,
3388,海老塚変電所,静岡県,一致なし,,,
3389,深溝変電所,愛知県,一致なし,,,
3390,清沢水力変電設備変電所,静岡県,一致なし,,,
3391,清洲変電所,愛知県,一致なし,,,
3392,清田変電所,愛知県,一致なし,,,
3393,清見変電所,岐阜県,一致なし,,,
3394,渋見変電所,三重県,一致なし,,,
3395,湖南変電所,長野県,一致なし,,,
3396,湯山水力変電所,静岡県,一致なし,,,
3397,湯田野変電所,三重県,一致なし,,,
3398,潤田変電所,三重県,一致なし,,,
3399,烏森変電所,愛知県,一致なし,,,
3400,焼津変電所,静岡県,一致なし,,,
3401,片丘変電所,長野県,一致なし,,,
3402,片田変電所,三重県,一致なし,,,
3403,片野変電所,三重県,一致なし,,,
3405,牟礼変電所,長野県,一致なし,,,
3406,牧之原変電所,静岡県,一致なし,,,
3407,牧平変電所,愛知県,一致なし,,,
3408,牧田変電所,岐阜県,一致なし,,,
3409,犀川水力変電所,長野県,一致なし,,,
3410,犬居変電所,静岡県,一致なし,,,
3411,猪子石変電所,愛知県,一致なし,,,
3412,猿投変電所,愛知県,一致なし,,,
3413,玉ノ井変電所,愛知県,一致なし,,,
3414,玉垣変電所,三重県,一致なし,,,
3415,玉津浦変電所,愛知県,一致なし,,,
3417,瑞南変電所,岐阜県,一致なし,,,
3418,甚目寺変電所,愛知県,一致なし,,,
3419,生桑変電所,三重県,一致なし,,,
3420,生田水力変電所,長野県,一致なし,,,
3421,生路変電所,愛知県,一致なし,,,
3422,用宗変電所,静岡県,一致なし,,,
3423,田中変電所,岐阜県,一致なし,,,
3424,田丸変電所,三重県,一致なし,,,
3425,田口変電所,愛知県,一致なし,,,
3426,田島変電所,長野県,一致なし,,,
3427,町屋変電所,三重県,一致なし,,,
3430,白板変電所,長野県,一致なし,,,
3432,白樺配電塔,長野県,一致なし,,,
3433,白沢変電所,愛知県,一致なし,,,
3434,白瀬水力変電所,愛知県,一致なし,,,
3435,百月水力変電所,愛知県,一致なし,,,
3436,相差変電所,三重県,一致なし,,,
3437,相良変電所,静岡県,一致なし,,,
3438,相賀変電所,三重県,一致なし,,,
3439,真島変電所,長野県,一致なし,,,
3440,真弓水力変電所,愛知県,一致なし,,,
3441,矢の浜変電所,三重県,一致なし,,,
3442,矢田変電所,愛知県,一致なし,,,
3443,矢部変電所,静岡県,一致なし,,,
3444,知立変電所,愛知県,一致なし,,,
3445,石堂山変電所,愛知県,一致なし,,,
3446,石瀬変電所,愛知県,一致なし,,,
3447,石薬師変電所,三重県,一致なし,,,
3448,砂田橋変電所,愛知県,一致なし,,,
3449,磯部変電所,三重県,一致なし,,,
3451,神城変電所,長野県,一致なし,,,
3452,神守変電所,愛知県,一致なし,,,
3453,神屋変電所,愛知県,一致なし,,,
3454,神戸変電所,三重県,一致なし,,,
3455,神明変電所,岐阜県,一致なし,,,
3456,神田変電所,三重県,一致なし,,,
3458,福住変電所,岐阜県,一致なし,,,
3460,福田変電所,静岡県,一致なし,,,
3461,福豊変電所,三重県,一致なし,,,
3462,福野変電所,岐阜県,一致なし,,,
3463,秋和変電所,長野県,一致なし,,,
3464,稲永変電所,愛知県,一致なし,,,
3465,稲葉地変電所,愛知県,一致なし,,,
3467,穂高変電所,長野県,一致なし,,,
3468,空見変電所,愛知県,一致なし,,,
3469,立岩変電所,長野県,一致なし,,,
3470,立神変電所,三重県,一致なし,,,
3471,竜丘変電所,長野県,一致なし,,,
3472,竜光変電所,静岡県,一致なし,,,
3473,竜泉寺変電所,愛知県,一致なし,,,
3474,竜洋変電所,静岡県,一致なし,,,
3475,竹成変電所,三重県,一致なし,,,
3476,竹折変電所,岐阜県,一致なし,,,
3477,竹生変電所,愛知県,一致なし,,,
3478,竹鼻変電所,岐阜県,一致なし,,,
3479,笠原変電所,岐阜県,一致なし,,,
3480,笠寺変電所,愛知県,一致なし,,,
3481,笠松変電所,岐阜県,一致なし,,,
3482,笹戸水力変電所,愛知県,一致なし,,,
3483,笹賀変電所,長野県,一致なし,,,
3484,笹部変電所,長野県,一致なし,,,
3485,筑摩変電所,長野県,一致なし,,,
3486,築地変電所,静岡県,一致なし,,,
3487,篠ノ井変電所,長野県,一致なし,,,
3488,篠原変電所,愛知県,一致なし,,,
3489,篠目変電所,愛知県,一致なし,,,
3490,米沢水力変電所,長野県,一致なし,,,
3491,糸貫変電所,岐阜県,一致なし,,,
3492,細島変電所,静岡県,一致なし,,,
3493,細川変電所,愛知県,一致なし,,,
3494,細池変電所,愛知県,一致なし,,,
3495,紺屋田変電所,愛知県,一致なし,,,
3496,緑ケ浜変電所,愛知県,一致なし,,,
3497,緒川変電所,愛知県,一致なし,,,
3498,美和変電所,愛知県,一致なし,,,
3499,美山変電所,岐阜県,一致なし,,,
3500,美杉変電所,三重県,一致なし,,,
3501,美濃変電所,岐阜県,一致なし,,,
3502,美里変電所,三重県,一致なし,,,
3503,羽場変電所,長野県,一致なし,,,
3504,羽島変電所,岐阜県,一致なし,,,
3505,羽津変電所,三重県,一致なし,,,
3506,羽衣変電所,岐阜県,一致なし,,,
3507,羽野変電所,三重県,一致なし,,,
3508,羽鳥変電所,静岡県,一致なし,,,
3510,肥田変電所,岐阜県,一致なし,,,
3511,能褒野変電所,三重県,一致なし,,,
3512,能部変電所,三重県,一致なし,,,
3513,臼田水力変電所,長野県,一致なし,,,
3514,臼田町変電所,長野県,一致なし,,,
3515,興津変電所,静岡県,一致なし,,,
3516,舘山寺変電所,静岡県,一致なし,,,
3517,芥見変電所,岐阜県,一致なし,,,
3518,芸濃変電所,三重県,一致なし,,,
3519,若林変電所,愛知県,一致なし,,,
3520,若穂変電所,長野県,一致なし,,,
3521,若草変電所,愛知県,一致なし,,,
3522,茂沢水力変電所,長野県,一致なし,,,
3523,茅野変電所,長野県,一致なし,,,
3524,草薙変電所,静岡県,一致なし,,,
3525,草道島変電所,岐阜県,一致なし,,,
3526,荒尾変電所,愛知県,一致なし,,,
3527,荒川変電所,岐阜県,一致なし,,,
3528,荒木変電所,三重県,一致なし,,,
3529,荻町変電所,岐阜県,一致なし,,,
3530,莇生変電所,愛知県,一致なし,,,
3531,菅平変電所,長野県,一致なし,,,
3532,菱野変電所,愛知県,一致なし,,,
3533,萩野変電所,愛知県,一致なし,,,
3534,萱場変電所,岐阜県,一致なし,,,
3535,葛川変電所,静岡県,一致なし,,,
3536,葵町変電所,静岡県,一致なし,,,
3537,蒲原変電所,静岡県,一致なし,,,
3538,蒲郡変電所,愛知県,一致なし,,,
3539,薮田変電所,岐阜県,一致なし,,,
3540,藍川変電所,岐阜県,一致なし,,,
3541,藤原変電所,三重県,一致なし,,,
3542,藤山台変電所,愛知県,一致なし,,,
3543,藤方変電所,三重県,一致なし,,,
3544,藤枝変電所,静岡県,一致なし,,,
3545,藤沢変電所,長野県,一致なし,,,
3546,藪原変電所,長野県,一致なし,,,
3547,蘇原変電所,岐阜県,一致なし,,,
3548,虎渓変電所,岐阜県,一致なし,,,
3549,蛭ヶ野変電所,岐阜県,一致なし,,,
3551,蟹江変電所,愛知県,一致なし,,,
3552,蟹甲変電所,愛知県,一致なし,,,
3553,衣浦変電所,愛知県,一致なし,,,
3554,袖師変電所,静岡県,一致なし,,,
3555,袖浦変電所,静岡県,一致なし,,,
3556,西原変電所,愛知県,一致なし,,,
3557,西城北変電所,静岡県,一致なし,,,
3558,西大谷変電所,静岡県,一致なし,,,
3559,西小幡変電所,愛知県,一致なし,,,
3560,西山変電所,愛知県,一致なし,,,
3561,西島変電所,静岡県,一致なし,,,
3562,西崎変電所,岐阜県,一致なし,,,
3563,西平水力変電所,岐阜県,一致なし,,,
3564,西広瀬変電所,愛知県,一致なし,,,
3566,西浦変電所,愛知県,一致なし,,,
3567,西渡水力変電所,静岡県,一致なし,,,
3568,西牧変電所,岐阜県,一致なし,,,
3569,西町変電所,愛知県,一致なし,,,
3570,西脇変電所,静岡県,一致なし,,,
3573,観山変電所,静岡県,一致なし,,,
3574,諸輪変電所,愛知県,一致なし,,,
3575,谷川変電所,長野県,一致なし,,,
3576,豊山変電所,愛知県,一致なし,,,
3577,豊岡水力変電所,静岡県,一致なし,,,
3581,豊田変電所,静岡県,一致なし,,,
3582,豊田町変電所,静岡県,一致なし,,,
3583,豊町変電所,静岡県,一致なし,,,
3584,豊科変電所,長野県,一致なし,,,
3585,豊野変電所,長野県,一致なし,,,
3586,貝島変電所,静岡県,一致なし,,,
3588,賀田変電所,三重県,一致なし,,,
3590,赤堀変電所,三重県,一致なし,,,
3591,赤穂変電所,長野県,一致なし,,,
3592,赤羽根変電所,愛知県,一致なし,,,
3594,越戸水力変電所,愛知県,一致なし,,,
3595,足助水力変電所,愛知県,一致なし,,,
3596,足近変電所,岐阜県,一致なし,,,
3597,身成変電所,静岡県,一致なし,,,
3598,通町変電所,三重県,一致なし,,,
3599,道徳変電所,愛知県,一致なし,,,
3600,那加変電所,岐阜県,一致なし,,,
3602,里小牧変電所,愛知県,一致なし,,,
3603,野口変電所,静岡県,一致なし,,,
3605,野辺山変電所,長野県,一致なし,,,
3606,野間変電所,愛知県,一致なし,,,
3607,金原水力変電所,岐阜県,一致なし,,,
3608,釜戸変電所,岐阜県,一致なし,,,
3609,鍋田変電所,愛知県,一致なし,,,
3610,鎌田変電所,三重県,一致なし,,,
3611,長久手変電所,愛知県,一致なし,,,
3612,長住町変電所,岐阜県,一致なし,,,
3613,長地変電所,長野県,一致なし,,,
3614,長島変電所,三重県,一致なし,,,
3615,長森変電所,岐阜県,一致なし,,,
3616,長田変電所,静岡県,一致なし,,,
3617,長良川水力変電所,岐阜県,一致なし,,,
3618,長良町変電所,愛知県,一致なし,,,
3619,長貫水力変電所,静岡県,一致なし,,,
3620,長野変電所,長野県,一致なし,,,
3621,長門変電所,長野県,一致なし,,,
3622,開明変電所,愛知県,一致なし,,,
3623,関ヶ原変電所,岐阜県,一致なし,,,
3624,関田変電所,愛知県,一致なし,,,
3625,阿久比変電所,愛知県,一致なし,,,
3626,阿摺水力変電所,愛知県,一致なし,,,
3627,陶変電所,岐阜県,一致なし,,,
3628,陶原変電所,愛知県,一致なし,,,
3630,雨宮変電所,長野県,一致なし,,,
3631,雲出変電所,三重県,一致なし,,,
3632,霞変電所,三重県,一致なし,,,
3633,青原水力変電所,長野県,一致なし,,,
3634,青山変電所,三重県,一致なし,,,
3635,青島変電所,静岡県,一致なし,,,
3636,青柳変電所,岐阜県,一致なし,,,
3637,青野変電所,岐阜県,一致なし,,,
3638,静里変電所,岐阜県,一致なし,,,
3639,靱変電所,長野県,一致なし,,,
3640,音羽南変電所,三重県,一致なし,,,
3641,須坂変電所,長野県,一致なし,,,
3642,飯山変電所,長野県,一致なし,,,
3644,飯野変電所,愛知県,一致なし,,,
3645,飯高変電所,三重県,一致なし,,,
3646,香久礼変電所,愛知県,一致なし,,,
3647,馬渕変電所,静岡県,一致なし,,,
3648,駄知変電所,岐阜県,一致なし,,,
3649,駒場水力変電所,長野県,一致なし,,,
3650,駒新変電所,愛知県,一致なし,,,
3651,駒野変電所,岐阜県,一致なし,,,
3652,高丘変電所,長野県,一致なし,,,
3653,高丘町変電所,静岡県,一致なし,,,
3654,高岡変電所,愛知県,一致なし,,,
3655,高師変電所,愛知県,一致なし,,,
3656,高松変電所,三重県,一致なし,,,
3657,高棚変電所,愛知県,一致なし,,,
3659,高橋変電所,静岡県,一致なし,,,
3660,高浜変電所,愛知県,一致なし,,,
3661,高田変電所,岐阜県,一致なし,,,
3662,鬼無里変電所,長野県,一致なし,,,
3663,鳥居松変電所,愛知県,一致なし,,,
3664,鳥屋金変電所,愛知県,一致なし,,,
3665,鳥羽変電所,三重県,一致なし,,,
3667,鳴子変電所,愛知県,一致なし,,,
3668,鴨江変電所,静岡県,一致なし,,,
3669,鴨田変電所,愛知県,一致なし,,,
3670,鴻ノ巣変電所,愛知県,一致なし,,,
3672,鵜沼変電所,岐阜県,一致なし,,,
3673,鷲塚変電所,愛知県,一致なし,,,
3674,鷺山変電所,岐阜県,一致なし,,,
3676,黒田水力変電所,愛知県,一致なし,,,
3677,黒石変電所,愛知県,一致なし,,,
3678,黒谷変電所,岐阜県,一致なし,,,
3724,東金津変電所,,一致なし,,,
3725,新福井変電所,,一致なし,,,
3726,南条変電所,,一致(全国)だが北陸エリア外のため不採用,,,南条変電所
3727,敦賀火力変電所,,一致なし,,,
3728,黒部変電所,,一致なし,,,
3729,江口変電所,,一致なし,,,
3730,新中地山変電所,,一致なし,,,
3731,南福岡変電所,,一致(全国)だが北陸エリア外のため不採用,,,南福岡変電所
3732,新能登変電所,,一致なし,,,
3733,鳳至変電所,,一致なし,,,
3734,御所変電所,,一致なし,,,
3735,北庄変電所,,一致なし,,,
3736,新武生変電所,,一致なし,,,
3737,新敦賀変電所,,一致なし,,,
3738,栃尾変電所,,一致(全国)だが北陸エリア外のため不採用,,,栃尾変電所
3739,三国変電所,福井県,一致なし,,,
3740,下林変電所,石川県,一致なし,,,
3741,中福井変電所,福井県,一致なし,,,
3742,丸岡変電所,福井県,一致なし,,,
3743,久常変電所,石川県,一致なし,,,
3744,勝山変電所,福井県,一致なし,,,
3745,北安江変電所,石川県,一致なし,,,
3746,南敦賀変電所,福井県,一致なし,,,
3747,友江変電所,福井県,一致なし,,,
3748,吉野第一変電所,石川県,一致なし,,,
3749,吉野谷変電所,石川県,一致なし,,,
3750,増泉変電所,石川県,一致なし,,,
3751,大工町変電所,石川県,一致なし,,,
3752,大浦変電所,石川県,一致なし,,,
3753,大聖寺変電所,石川県,一致なし,,,
3754,大野変電所,福井県,一致なし,,,
3755,宇ノ気変電所,石川県,一致なし,,,
3756,安原変電所,石川県,一致なし,,,
3757,尾口変電所,石川県,一致なし,,,
3758,山中変電所,石川県,一致なし,,,
3759,山代変電所,石川県,一致なし,,,
3760,山王変電所,福井県,一致なし,,,
3761,成和変電所,福井県,一致なし,,,
3762,押水変電所,石川県,一致なし,,,
3763,春山変電所,福井県,一致なし,,,
3764,春江変電所,福井県,一致なし,,,
3765,昭和町変電所,石川県,一致なし,,,
3766,東福井変電所,福井県,一致なし,,,
3767,東郷変電所,福井県,一致なし,,,
3768,東金沢変電所,石川県,一致なし,,,
3769,根上変電所,石川県,一致なし,,,
3770,桑島変電所,石川県,一致なし,,,
3771,橋南変電所,福井県,一致なし,,,
3772,水落変電所,福井県,一致なし,,,
3773,沢変電所,石川県,一致なし,,,
3774,泉野変電所,石川県,一致なし,,,
3775,津幡変電所,石川県,一致なし,,,
3776,浅野変電所,石川県,一致なし,,,
3777,湯尾変電所,福井県,一致なし,,,
3778,片山津変電所,石川県,一致なし,,,
3779,王子保変電所,福井県,一致なし,,,
3780,白峰変電所,石川県,一致なし,,,
3781,福岡第一変電所,石川県,一致なし,,,
3782,竹松変電所,石川県,一致なし,,,
3783,箱宮変電所,石川県,一致なし,,,
3784,粟津変電所,石川県,一致なし,,,
3785,粟田部変電所,福井県,一致なし,,,
3786,織田変電所,福井県,一致なし,,,
3787,臨港変電所,福井県,一致なし,,,
3788,芦原変電所,福井県,一致なし,,,
3789,荒土変電所,福井県,一致なし,,,
3790,荒木田変電所,石川県,一致なし,,,
3791,西敦賀変電所,福井県,一致なし,,,
3792,西武生変電所,福井県,一致なし,,,
3793,西田中変電所,福井県,一致なし,,,
3794,西長田変電所,福井県,一致なし,,,
3795,足羽変電所,福井県,一致なし,,,
3796,金沢中央変電所,石川県,一致なし,,,
3797,金石変電所,石川県,一致なし,,,
3798,長坂変電所,石川県,一致なし,,,
3799,鞍月変電所,石川県,一致なし,,,
3800,高松変電所,石川県,一致なし,,,
3801,上市変電所,富山県,一致なし,,,
3802,上滝変電所,富山県,一致なし,,,
3803,中富山変電所,富山県,一致なし,,,
3804,中島変電所,石川県,一致なし,,,
3805,中崎変電所,富山県,一致なし,,,
3806,五平定変電所,富山県,一致なし,,,
3807,五百石変電所,富山県,一致なし,,,
3808,井波変電所,富山県,一致なし,,,
3809,伊折変電所,富山県,一致なし,,,
3810,入善変電所,富山県,一致なし,,,
3811,八尾変電所,富山県,一致なし,,,
3812,内浦変電所,石川県,一致なし,,,
3813,南高岡変電所,富山県,一致なし,,,
3814,和倉変電所,石川県,一致なし,,,
3815,城南変電所,富山県,一致なし,,,
3816,境川第二変電所,富山県,一致なし,,,
3817,大沢野変電所,富山県,一致なし,,,
3818,大門変電所,富山県,一致なし,,,
3819,奥田変電所,富山県,一致なし,,,
3820,宇出津変電所,石川県,一致なし,,,
3821,宇奈月変電所,富山県,一致なし,,,
3822,富来変電所,石川県,一致なし,,,
3823,小杉変電所,富山県,一致なし,,,
3824,小見変電所,富山県,一致なし,,,
3825,岩瀬変電所,富山県,一致なし,,,
3826,常願寺川第三変電所,富山県,一致なし,,,
3827,常願寺第一変電所,富山県,一致なし,,,
3828,広田変電所,富山県,一致なし,,,
3829,庄西変電所,富山県,一致なし,,,
3830,徳田変電所,石川県,一致なし,,,
3831,戸出変電所,富山県,一致なし,,,
3832,新寺田変電所,富山県,一致なし,,,
3833,新湊変電所,富山県,一致なし,,,
3834,早川変電所,富山県,一致なし,,,
3835,早月第一変電所,富山県,一致なし,,,
3836,東富山変電所,富山県,一致なし,,,
3838,東滑川変電所,富山県,一致なし,,,
3839,桜井変電所,富山県,一致なし,,,
3840,水橋変電所,富山県,一致なし,,,
3841,氷見変電所,富山県,一致なし,,,
3842,沖布変電所,富山県,一致なし,,,
3843,泊変電所,富山県,一致なし,,,
3844,浅地変電所,富山県,一致なし,,,
3845,牛島変電所,富山県,一致なし,,,
3846,猪谷変電所,富山県,一致なし,,,
3847,瑞穂変電所,石川県,一致なし,,,
3848,真川変電所,富山県,一致なし,,,
3849,石動変電所,富山県,一致なし,,,
3850,砺波変電所,富山県,一致なし,,,
3851,福光変電所,富山県,一致なし,,,
3852,福岡変電所,富山県,一致なし,,,
3853,福野変電所,富山県,一致なし,,,
3854,米島変電所,富山県,一致なし,,,
3855,羽咋変電所,石川県,一致なし,,,
3856,能登部変電所,石川県,一致なし,,,
3857,若葉台変電所,石川県,一致なし,,,
3858,西高岡変電所,富山県,一致なし,,,
3859,輪島変電所,石川県,一致なし,,,
3860,針原変電所,富山県,一致なし,,,
3861,門前変電所,石川県,一致なし,,,
3862,馬場島変電所,富山県,一致なし,,,
3863,高岡変電所,富山県,一致なし,,,
3864,高月変電所,富山県,一致なし,,,
3865,高浜変電所,石川県,一致なし,,,
3866,魚津変電所,富山県,一致なし,,,
3867,黒東第二変電所,富山県,一致なし,,,
4218,御坊変電所,,一致なし,,,
4219,奥多々良木変電所,,一致なし,,,
4220,新愛本変電所,,一致(全国)だが関西エリア外のため不採用,,,新愛本変電所
4221,南赤穂変電所,,一致なし,,,
4222,飾磨港変電所,,一致なし,,,
4223,南姫路変電所,,一致なし,,,
4224,高砂変電所,,一致(全国)だが関西エリア外のため不採用,,,高砂変電所
4225,東播変電所,,一致なし,,,
4226,三宮変電所,,一致なし,,,
4229,泉南変電所,,一致(全国),34.379549,135.361157,泉南変電所
4231,新鳥飼変電所,,一致なし,,,
4232,円町変電所,,一致なし,,,
4233,島原変電所,,一致なし,,,
4234,荒神口変電所,,一致なし,,,
4235,蹴上変電所,,一致なし,,,
4236,本町変電所,,一致(全国)だが関西エリア外のため不採用,,,本町変電所
4238,空心町変電所,,一致なし,,,
4240,堺港変電所,,一致なし,,,
4241,高島変電所,,一致なし,,,
4242,高津変電所,,一致(全国)だが関西エリア外のため不採用,,,高津変電所
4243,矢田変電所,,一致なし,,,
4244,中河内変電所,,一致なし,,,
4245,萩之茶屋変電所,,一致なし,,,
4247,勢野変電所,,一致なし,,,
4248,堺浜変電所,,一致なし,,,
4249,有馬変電所,,一致(全国)だが関西エリア外のため不採用,,,有馬変電所
4250,生瀬変電所,,一致なし,,,
4251,新曽根崎変電所,,一致なし,,,
4252,城見変電所,,一致なし,,,
4253,テクノポート変電所,,一致なし,,,
4254,西淡変電所,,一致なし,,,
4255,ゆりのき台変電所,,一致なし,,,
4256,りんくうタウン変電所,,一致なし,,,
4257,テクノポリス変電所,,一致なし,,,
4258,ポートI変電所,,一致なし,,,
4259,ポート南変電所,,一致なし,,,
4261,一条変電所,,一致なし,,,
4262,一色変電所,,一致なし,,,
4263,三井変電所,,一致なし,,,
4264,三休橋変電所,,一致なし,,,
4265,三国変電所,,一致なし,,,
4266,三宅変電所,,一致なし,,,
4267,三山木変電所,,一致なし,,,
4268,三日市変電所,,一致なし,,,
4270,三条変電所,,一致(全国)だが関西エリア外のため不採用,,,三条変電所
4271,三輪崎変電所,,一致なし,,,
4272,上中町変電所,,一致なし,,,
4273,上住吉変電所,,一致なし,,,
4274,上岩出変電所,,一致なし,,,
4275,上新田変電所,,一致なし,,,
4276,上月変電所,,一致なし,,,
4277,上牧変電所,,一致なし,,,
4278,上筒井変電所,,一致なし,,,
4279,上賀茂変電所,,一致なし,,,
4280,上郡変電所,,一致なし,,,
4281,上里変電所,,一致(全国)だが関西エリア外のため不採用,,,上里変電所
4282,上鳥羽変電所,,一致なし,,,
4283,下寺町変電所,,一致なし,,,
4284,下島変電所,,一致なし,,,
4285,下淵変電所,,一致なし,,,
4286,下福井変電所,,一致なし,,,
4287,中主変電所,,一致なし,,,
4288,中之島変電所,,一致なし,,,
4289,中京変電所,,一致なし,,,
4290,中垣内変電所,,一致なし,,,
4292,中山手変電所,,一致なし,,,
4293,中振変電所,,一致なし,,,
4294,中本変電所,,一致なし,,,
4295,中村変電所,,候補3件で特定不可,,,
4296,中舞鶴変電所,,一致なし,,,
4297,中野変電所,,一致なし,,,
4299,串本変電所,,一致なし,,,
4300,丹後木津変電所,,一致なし,,,
4301,丹波市変電所,,一致なし,,,
4302,丹波町変電所,,一致なし,,,
4303,久世変電所,,一致なし,,,
4304,久代変電所,,一致なし,,,
4305,久保変電所,,一致なし,,,
4306,久保木変電所,,一致なし,,,
4307,久我変電所,,一致(全国),34.933562,135.725545,久我変電所
4308,久津川変電所,,一致なし,,,
4310,亀甲町変電所,,一致なし,,,
4311,二色浜変電所,,一致なし,,,
4312,二見島変電所,,一致なし,,,
4313,二階堂変電所,,一致なし,,,
4314,五個荘変電所,,一致なし,,,
4315,五百住変電所,,一致なし,,,
4316,五色変電所,,一致なし,,,
4317,井吹変電所,,一致なし,,,
4318,京終変電所,,一致なし,,,
4319,今宮変電所,,一致なし,,,
4320,今里変電所,,一致なし,,,
4321,仮屋変電所,,一致なし,,,
4322,伊伝居変電所,,一致なし,,,
4323,伏見変電所,,一致なし,,,
4324,会陽変電所,,一致なし,,,
4325,佃変電所,,一致なし,,,
4326,但東変電所,,一致なし,,,
4327,住之江変電所,,一致なし,,,
4328,佐用変電所,,一致なし,,,
4329,俊徳変電所,,一致なし,,,
4331,備後町変電所,,一致なし,,,
4332,元町変電所,,一致なし,,,
4333,光明池変電所,,一致なし,,,
4334,八幡変電所,,候補2件で特定不可,,,
4335,八日市変電所,,一致なし,,,
4336,六甲I変電所,,一致なし,,,
4337,兵庫変電所,,一致なし,,,
4338,兼平町変電所,,一致なし,,,
4339,刀根山変電所,,一致なし,,,
4340,別所変電所,,候補2件で特定不可,,,
4341,加太変電所,,一致なし,,,
4342,加納変電所,,一致(全国)だが関西エリア外のため不採用,,,加納変電所
4343,加美変電所,,一致なし,,,
4344,加美町変電所,,一致なし,,,
4345,加賀屋変電所,,一致なし,,,
4346,勝原変電所,,一致なし,,,
4348,北之庄変電所,,一致なし,,,
4349,北条変電所,,一致(全国)だが関西エリア外のため不採用,,,北条変電所
4351,北港変電所,,一致なし,,,
4352,北衣手変電所,,一致なし,,,
4354,北野変電所,,一致(全国)だが関西エリア外のため不採用,,,北野変電所
4356,北野田変電所,,一致なし,,,
4357,匠台変電所,,一致なし,,,
4358,十三変電所,,一致なし,,,
4359,十村変電所,,一致なし,,,
4360,千代変電所,,一致なし,,,
4361,千日前変電所,,一致なし,,,
4362,千歳町変電所,,一致なし,,,
4363,南丹新庄変電所,,一致なし,,,
4364,南尼崎変電所,,一致なし,,,
4365,南山変電所,,一致(全国)だが関西エリア外のため不採用,,,南山変電所
4366,南川町変電所,,一致なし,,,
4367,南恩加島変電所,,一致なし,,,
4368,南明石変電所,,一致なし,,,
4370,南淡変電所,,一致なし,,,
4371,南港変電所,,一致なし,,,
4372,南灘変電所,,一致なし,,,
4373,南部変電所,,一致なし,,,
4374,南金田変電所,,一致なし,,,
4375,印南町変電所,,一致なし,,,
4376,双ヶ岡変電所,,一致なし,,,
4377,口酒井変電所,,一致なし,,,
4378,吉祥院変電所,,一致なし,,,
4379,名谷変電所,,一致なし,,,
4380,向島変電所,,一致(全国)だが関西エリア外のため不採用,,,向島変電所
4381,和泉大宮変電所,,一致なし,,,
4382,和田山変電所,,一致なし,,,
4383,和知変電所,,一致なし,,,
4384,唐崎変電所,,一致なし,,,
4385,四貫島変電所,,一致なし,,,
4386,国包変電所,,一致なし,,,
4387,土山変電所,,一致なし,,,
4388,坂田変電所,,一致(全国)だが関西エリア外のため不採用,,,坂田変電所
4390,城北橋変電所,,一致なし,,,
4391,城南変電所,,一致(全国)だが関西エリア外のため不採用,,,城南変電所
4393,堀川変電所,,一致なし,,,
4394,堀止変電所,,一致なし,,,
4396,塩津変電所,,一致なし,,,
4397,夏見変電所,,一致(全国)だが関西エリア外のため不採用,,,夏見変電所
4398,多田変電所,,一致なし,,,
4399,夢洲変電所,,一致なし,,,
4400,大仁変電所,,一致なし,,,
4401,大仏変電所,,一致なし,,,
4402,大住変電所,,一致なし,,,
4403,大原変電所,,一致(全国)だが関西エリア外のため不採用,,,大原変電所
4404,大原野変電所,,一致なし,,,
4405,大塚変電所,,候補3件で特定不可,,,
4406,大宮変電所,,一致(全国)だが関西エリア外のため不採用,,,大宮変電所
4407,大小路変電所,,一致なし,,,
4408,大山崎変電所,,一致なし,,,
4409,大手前変電所,,一致なし,,,
4410,大津変電所,,候補2件で特定不可,,,
4411,大砂後変電所,,一致なし,,,
4412,大蔵谷変電所,,一致なし,,,
4413,大野変電所,,候補3件で特定不可,,,
4414,大開町変電所,,一致なし,,,
4415,天満橋変電所,,一致なし,,,
4417,太地変電所,,一致なし,,,
4418,太子変電所,,一致なし,,,
4419,太子道変電所,,一致なし,,,
4420,太寺変電所,,一致なし,,,
4421,太秦変電所,,一致なし,,,
4422,如是変電所,,一致なし,,,
4423,妙寺変電所,,一致なし,,,
4424,姫島変電所,,一致なし,,,
4425,学研木津変電所,,一致なし,,,
4426,守口変電所,,一致なし,,,
4427,守山変電所,,一致なし,,,
4428,安倉変電所,,一致なし,,,
4430,室町変電所,,一致なし,,,
4431,宮変電所,,一致(全国)だが関西エリア外のため不採用,,,宮変電所
4432,宮西変電所,,一致なし,,,
4433,寺方変電所,,一致なし,,,
4434,寺町変電所,,一致なし,,,
4435,小倉変電所,,一致(全国)だが関西エリア外のため不採用,,,小倉変電所
4436,小坂変電所,,一致なし,,,
4437,小山変電所,,候補2件で特定不可,,,
4440,小野変電所,,一致なし,,,
4441,小野原変電所,,一致なし,,,
4443,尼東変電所,,一致なし,,,
4444,山下変電所,,一致なし,,,
4445,山南町変電所,,一致なし,,,
4446,山坂変電所,,一致なし,,,
4447,山手町変電所,,一致なし,,,
4448,山本変電所,,一致なし,,,
4449,山科変電所,,一致(全国)だが関西エリア外のため不採用,,,山科変電所
4450,山端変電所,,一致なし,,,
4452,岩井変電所,,一致(全国)だが関西エリア外のため不採用,,,岩井変電所
4453,岩出変電所,,一致なし,,,
4454,岩園変電所,,一致なし,,,
4455,岩岡変電所,,一致なし,,,
4456,岩滝変電所,,一致なし,,,
4457,岩田変電所,,一致なし,,,
4458,岸和田変電所,,一致なし,,,
4459,岸部変電所,,一致なし,,,
4460,峰山変電所,,一致なし,,,
4461,嵯峨変電所,,一致なし,,,
4462,川原樋川変電所,,一致なし,,,
4463,川合変電所,,一致なし,,,
4464,川西変電所,,候補2件で特定不可,,,
4465,川辺変電所,,一致(全国)だが関西エリア外のため不採用,,,川辺変電所
4466,巽変電所,,一致なし,,,
4467,市変電所,,一致なし,,,
4468,市場変電所,,一致なし,,,
4469,市島変電所,,一致なし,,,
4471,布施屋変電所,,一致なし,,,
4472,帝塚山変電所,,一致なし,,,
4473,幡川変電所,,一致なし,,,
4474,平尾変電所,,一致なし,,,
4475,平野変電所,,一致なし,,,
4476,広畑変電所,,一致(全国),35.302352,136.812644,広畑変電所
4477,弓削変電所,,一致(全国)だが関西エリア外のため不採用,,,弓削変電所
4478,弥栄町変電所,,一致なし,,,
4479,弥生が丘変電所,,一致なし,,,
4480,彦根変電所,,一致なし,,,
4481,彩都変電所,,一致なし,,,
4482,御影変電所,,一致なし,,,
4483,御所変電所,,一致なし,,,
4485,志方変電所,,一致なし,,,
4486,志染変電所,,一致なし,,,
4487,志津変電所,,一致(全国)だが関西エリア外のため不採用,,,志津変電所
4488,志筑変電所,,一致なし,,,
4489,恵我之荘変電所,,一致なし,,,
4490,扇町変電所,,一致なし,,,
4491,手柄変電所,,一致なし,,,
4492,打田変電所,,一致なし,,,
4493,押部谷変電所,,一致なし,,,
4494,新喜島変電所,,一致なし,,,
4495,新在家変電所,,一致なし,,,
4496,新大岩変電所,,一致なし,,,
4497,新狭山変電所,,一致なし,,,
4498,新粉河変電所,,一致なし,,,
4499,新草津変電所,,一致なし,,,
4500,新長浜変電所,,一致(全国),35.382267,136.286174,新長浜変電所
4501,新開地変電所,,一致なし,,,
4502,日置荘変電所,,一致なし,,,
4504,旭変電所,,候補2件で特定不可,,,
4506,星田変電所,,一致なし,,,
4507,春日変電所,,一致なし,,,
4509,曽根変電所,,一致なし,,,
4510,有功変電所,,一致なし,,,
4511,有年変電所,,一致なし,,,
4512,有瀬変電所,,一致なし,,,
4513,有野変電所,,一致なし,,,
4514,有隣変電所,,一致なし,,,
4515,有馬22変電所,,一致(全国)だが関西エリア外のため不採用,,,有馬変電所
4516,有馬6変電所,,一致(全国)だが関西エリア外のため不採用,,,有馬変電所
4517,有馬道変電所,,一致なし,,,
4518,服部変電所,,一致なし,,,
4519,木川変電所,,一致なし,,,
4520,木浜変電所,,一致なし,,,
4521,木見変電所,,一致なし,,,
4522,本山変電所,,一致なし,,,
4523,朱雀野変電所,,一致なし,,,
4524,杭瀬変電所,,一致なし,,,
4526,東堺変電所,,一致なし,,,
4527,東天川変電所,,一致なし,,,
4528,東寺変電所,,一致なし,,,
4529,東延末変電所,,一致なし,,,
4530,東淀川変電所,,一致なし,,,
4531,東舞鶴変電所,,一致なし,,,
4532,松が丘変電所,,一致なし,,,
4533,松井変電所,,一致なし,,,
4534,松原変電所,,一致なし,,,
4535,松尾変電所,,候補2件で特定不可,,,
4536,松江変電所,,一致(全国)だが関西エリア外のため不採用,,,松江変電所
4537,松陰変電所,,一致なし,,,
4539,柏原変電所,,一致(全国)だが関西エリア外のため不採用,,,柏原変電所
4540,栄変電所,,一致なし,,,
4541,栄和町変電所,,一致なし,,,
4543,桃山変電所,,一致なし,,,
4544,桜井変電所,,一致(全国)だが関西エリア外のため不採用,,,桜井変電所
4545,桜町変電所,,一致なし,,,
4546,桜谷変電所,,一致なし,,,
4548,梅谷変電所,,一致なし,,,
4549,森小路変電所,,一致なし,,,
4551,楠葉変電所,,一致なし,,,
4553,樫野台変電所,,一致なし,,,
4555,歌敷山変電所,,一致なし,,,
4556,正覚寺変電所,,一致なし,,,
4557,正雀変電所,,一致なし,,,
4559,比良変電所,,一致なし,,,
4560,水無瀬変電所,,一致なし,,,
4561,水軒変電所,,一致なし,,,
4562,水間変電所,,一致なし,,,
4563,氷上変電所,,一致なし,,,
4564,永和変電所,,一致なし,,,
4565,汐ノ宮変電所,,一致なし,,,
4566,江井島変電所,,一致なし,,,
4567,江戸堀変電所,,一致なし,,,
4568,池ノ内変電所,,一致なし,,,
4569,池田変電所,,候補2件で特定不可,,,
4570,沢良宜変電所,,一致なし,,,
4571,河瀬変電所,,一致なし,,,
4572,泉大津変電所,,一致なし,,,
4573,泉尾変電所,,一致なし,,,
4574,波除変電所,,一致なし,,,
4575,津久野変電所,,一致なし,,,
4576,津守変電所,,一致なし,,,
4577,津門変電所,,一致なし,,,
4578,洲本変電所,,一致なし,,,
4579,浅井変電所,,一致なし,,,
4580,浜大津変電所,,一致なし,,,
4582,深井変電所,,一致なし,,,
4583,深江変電所,,一致なし,,,
4585,深阪変電所,,一致なし,,,
4586,清井町変電所,,一致なし,,,
4587,渋谷変電所,,一致なし,,,
4588,湊変電所,,候補2件で特定不可,,,
4589,湊川変電所,,一致なし,,,
4590,滝内変電所,,一致なし,,,
4591,滝野変電所,,一致なし,,,
4593,玉出変電所,,一致なし,,,
4594,玉野変電所,,一致なし,,,
4595,瑞光変電所,,一致なし,,,
4596,瓜破変電所,,一致なし,,,
4597,瓢箪山変電所,,一致なし,,,
4599,生野変電所,,一致なし,,,
4600,田井城変電所,,一致なし,,,
4603,田辺変電所,,一致(全国),33.737209,135.378343,田辺変電所
4604,甲南変電所,,一致なし,,,
4606,白川変電所,,一致なし,,,
4607,白梅町変電所,,一致なし,,,
4608,白水変電所,,一致なし,,,
4609,白浜変電所,,一致なし,,,
4610,白鳥変電所,,一致(全国)だが関西エリア外のため不採用,,,白鳥変電所
4612,皇子山変電所,,一致なし,,,
4613,目垣変電所,,一致なし,,,
4614,相生変電所,,一致(全国)だが関西エリア外のため不採用,,,相生変電所
4615,真上町変電所,,一致なし,,,
4616,真田山変電所,,一致なし,,,
4617,真野変電所,,一致なし,,,
4618,矢橋変電所,,一致なし,,,
4619,石原変電所,,一致なし,,,
4620,石守変電所,,一致なし,,,
4621,石山変電所,,一致なし,,,
4622,石橋変電所,,一致(全国)だが関西エリア外のため不採用,,,石橋変電所
4624,砂変電所,,一致なし,,,
4625,社変電所,,一致なし,,,
4627,祝園変電所,,一致なし,,,
4628,神戸港変電所,,一致なし,,,
4630,禁野変電所,,一致なし,,,
4631,福変電所,,一致なし,,,
4632,福井変電所,,一致なし,,,
4633,福島変電所,,候補4件で特定不可,,,
4635,福田変電所,,一致(全国)だが関西エリア外のため不採用,,,福田変電所
4637,稲美変電所,,一致(全国)だが関西エリア外のため不採用,,,稲美変電所
4638,稲葉変電所,,一致なし,,,
4639,稲野変電所,,一致なし,,,
4640,立売堀変電所,,一致なし,,,
4642,竜華変電所,,一致なし,,,
4643,竹田変電所,,一致(全国)だが関西エリア外のため不採用,,,竹田変電所
4644,箕谷変電所,,一致なし,,,
4645,箱作変電所,,一致なし,,,
4646,篠原変電所,,一致(全国)だが関西エリア外のため不採用,,,篠原変電所
4647,粉浜変電所,,一致なし,,,
4649,結崎変電所,,一致なし,,,
4652,緑ヶ丘変電所,,一致なし,,,
4653,緑町変電所,,一致なし,,,
4654,美原変電所,,一致なし,,,
4655,美浜町変電所,,一致なし,,,
4656,美章園変電所,,一致なし,,,
4657,老原変電所,,一致なし,,,
4658,能登川変電所,,一致なし,,,
4659,脇浜変電所,,一致なし,,,
4660,舞子変電所,,一致なし,,,
4661,舞洲変電所,,一致なし,,,
4662,船場変電所,,一致なし,,,
4663,芥川変電所,,一致なし,,,
4664,芦原橋変電所,,一致なし,,,
4666,花園変電所,,一致なし,,,
4667,芳養変電所,,一致なし,,,
4668,芹川変電所,,一致なし,,,
4669,苅田変電所,,一致(全国)だが関西エリア外のため不採用,,,苅田変電所
4671,草津変電所,,一致(全国)だが関西エリア外のため不採用,,,草津変電所
4672,荒井変電所,,一致なし,,,
4673,菅原変電所,,一致なし,,,
4674,菅原町変電所,,一致なし,,,
4675,菟道変電所,,一致なし,,,
4676,菱木変電所,,一致なし,,,
4677,落合変電所,,一致(全国)だが関西エリア外のため不採用,,,落合変電所
4678,葉山東変電所,,一致なし,,,
4679,葺合変電所,,一致なし,,,
4680,薬師変電所,,一致なし,,,
4681,藤原台変電所,,一致なし,,,
4682,西京極変電所,,一致なし,,,
4683,西八尾変電所,,一致なし,,,
4684,西向変電所,,一致なし,,,
4685,西堤変電所,,一致なし,,,
4687,西天川変電所,,一致なし,,,
4688,西山科変電所,,一致なし,,,
4689,西扇町変電所,,一致なし,,,
4690,西明石変電所,,一致なし,,,
4692,西浦変電所,,一致なし,,,
4693,西滝野変電所,,一致なし,,,
4694,西白浜変電所,,一致なし,,,
4695,西舞鶴変電所,,一致なし,,,
4696,西賀茂変電所,,一致なし,,,
4697,西赤穂変電所,,一致なし,,,
4698,西飾磨変電所,,一致なし,,,
4699,諏訪変電所,,一致(電圧で特定)(全国)だが関西エリア外のため不採用,,,諏訪変電所
4700,谷変電所,,一致(全国),34.276292,135.271829,谷変電所
4701,豊南変電所,,一致なし,,,
4702,豊富変電所,,一致(全国)だが関西エリア外のため不採用,,,豊富変電所
4703,豊郷変電所,,一致なし,,,
4705,豊野変電所,,一致なし,,,
4706,貝柄町変電所,,一致なし,,,
4707,貴志川変電所,,一致なし,,,
4708,赤川変電所,,一致なし,,,
4709,赤穂変電所,,一致なし,,,
4711,農人橋変電所,,一致なし,,,
4713,道頓堀変電所,,一致なし,,,
4714,那波変電所,,一致なし,,,
4716,醍醐変電所,,一致なし,,,
4718,野口変電所,,一致なし,,,
4719,野島変電所,,一致なし,,,
4720,野崎変電所,,一致なし,,,
4721,野路変電所,,一致なし,,,
4722,鈴蘭台変電所,,一致なし,,,
4723,錦変電所,,一致なし,,,
4724,錦織変電所,,一致なし,,,
4725,長吉変電所,,一致なし,,,
4726,長岡変電所,,一致(全国)だが関西エリア外のため不採用,,,長岡変電所
4727,長柄変電所,,一致(全国)だが関西エリア外のため不採用,,,長柄変電所
4728,長殿変電所,,一致なし,,,
4730,長滝変電所,,一致なし,,,
4731,長田変電所,,一致(全国)だが関西エリア外のため不採用,,,長田変電所
4732,長田野変電所,,一致なし,,,
4733,長野変電所,,一致なし,,,
4734,関目変電所,,一致なし,,,
4735,阪本変電所,,一致なし,,,
4736,阿倍野変電所,,一致なし,,,
4737,阿武野変電所,,一致なし,,,
4740,青野変電所,,一致なし,,,
4741,音海変電所,,一致なし,,,
4742,養父変電所,,一致なし,,,
4743,香久山変電所,,一致なし,,,
4744,香枦園変電所,,一致なし,,,
4745,駒井沢変電所,,一致なし,,,
4746,高井田変電所,,一致なし,,,
4747,高塚山変電所,,一致なし,,,
4748,高宮変電所,,一致(全国)だが関西エリア外のため不採用,,,高宮変電所
4749,高津尾1変電所,,一致なし,,,
4750,高浜変電所,,一致(全国)だが関西エリア外のため不採用,,,高浜変電所
4751,高畑変電所,,一致なし,,,
4752,高野口変電所,,一致なし,,,
4753,高鷲変電所,,一致なし,,,
4754,魚住変電所,,一致なし,,,
4755,魚崎変電所,,一致なし,,,
4757,鴻池変電所,,一致なし,,,
4758,鶴居変電所,,一致なし,,,
4759,鶴橋変電所,,一致なし,,,
4760,鶴町変電所,,一致なし,,,
4761,鷹合町変電所,,一致なし,,,
4762,黄瀬変電所,,一致なし,,,
4763,黒井変電所,,一致なし,,,
4764,黒田庄変電所,,一致なし,,,
4765,龍野変電所,,一致なし,,,
4887,南山口変電所,山口県,一致なし,,,
4888,新小野田変電所,山口県,一致なし,,,
4889,柳井火力変電所,山口県,一致なし,,,
4890,新岩国変電所,山口県,一致なし,,,
4892,新倉敷変電所,岡山県,一致なし,,,
4893,松江変電所,島根県,一致なし,,,
4894,智頭変電所,鳥取県,一致なし,,,
4895,三原変電所,広島県,一致なし,,,
4896,三川変電所,広島県,一致なし,,,
4897,三津変電所,広島県,一致なし,,,
4898,三田尻変電所,山口県,一致なし,,,
4899,三篠変電所,広島県,一致なし,,,
4900,上道変電所,岡山県,一致なし,,,
4901,下山変電所,広島県,一致なし,,,
4902,中山変電所,山口県,一致なし,,,
4903,中広島変電所,広島県,一致なし,,,
4904,中関変電所,山口県,一致なし,,,
4905,久代変電所,岡山県,一致なし,,,
4906,久保変電所,山口県,一致なし,,,
4907,乙島変電所,岡山県,一致なし,,,
4908,五日市南変電所,広島県,一致なし,,,
4909,井口変電所,広島県,一致なし,,,
4910,仁保変電所,広島県,一致なし,,,
4911,仁保津変電所,山口県,一致なし,,,
4912,伴南変電所,広島県,一致なし,,,
4913,伴南変電所1Tr1次(3Tr事故時)変電所,広島県,一致なし,,,
4914,佐山変電所,山口県,一致なし,,,
4915,倉吉変電所,鳥取県,一致なし,,,
4916,光町変電所,広島県,一致なし,,,
4917,八本松変電所,広島県,一致なし,,,
4918,八重変電所,広島県,一致なし,,,
4919,内山下変電所,岡山県,一致なし,,,
4920,出口変電所,広島県,一致なし,,,
4921,出雲変電所,島根県,一致なし,,,
4922,加計変電所,広島県,一致なし,,,
4923,匹見変電所,島根県,一致なし,,,
4924,千田町変電所,広島県,一致なし,,,
4925,南宇品変電所,広島県,一致なし,,,
4926,南岩国変電所,山口県,一致なし,,,
4927,南広島変電所,広島県,一致なし,,,
4928,厚南変電所,山口県,一致なし,,,
4929,原尾島変電所,岡山県,一致なし,,,
4930,古新田変電所,岡山県,一致なし,,,
4931,古松変電所,岡山県,一致なし,,,
4932,可部変電所,広島県,一致なし,,,
4933,可部南変電所,広島県,一致なし,,,
4934,吉ケ瀬変電所,広島県,一致なし,,,
4935,吉備路変電所,岡山県,一致なし,,,
4936,吉島変電所,広島県,一致なし,,,
4937,吉成変電所,鳥取県,一致なし,,,
4938,吉田変電所,広島県,一致なし,,,
4939,吉谷変電所,鳥取県,一致なし,,,
4940,向洋変電所,広島県,一致なし,,,
4941,君田変電所,広島県,一致なし,,,
4942,周防変電所,山口県,一致なし,,,
4943,和庄変電所,広島県,一致なし,,,
4945,唐戸変電所,山口県,一致なし,,,
4946,国体町変電所,岡山県,一致なし,,,
4947,国泰寺変電所,広島県,一致なし,,,
4948,土居変電所,広島県,一致なし,,,
4949,堀南変電所,岡山県,一致なし,,,
4950,境港変電所,鳥取県,一致なし,,,
4951,大三島変電所,広島県,一致なし,,,
4952,大内田変電所,岡山県,一致なし,,,
4953,大和変電所,山口県,一致なし,,,
4954,大坪変電所,山口県,一致なし,,,
4955,大嶺変電所,山口県,一致なし,,,
4956,大州変電所,広島県,一致なし,,,
4957,大芝変電所,広島県,一致なし,,,
4958,大門変電所,広島県,一致なし,,,
4959,太田川変電所,広島県,一致なし,,,
4960,宇部南変電所,山口県,一致なし,,,
4961,安変電所,広島県,一致なし,,,
4962,宮内変電所,広島県,一致なし,,,
4963,宮前変電所,岡山県,一致なし,,,
4964,寺町変電所,島根県,一致なし,,,
4965,小河原変電所,広島県,一致なし,,,
4966,小網変電所,広島県,一致なし,,,
4967,小鯖変電所,山口県,一致なし,,,
4968,山の田変電所,山口県,一致なし,,,
4969,岩国変電所,山口県,一致なし,,,
4970,島田変電所,岡山県,一致なし,,,
4971,川内変電所,広島県,一致なし,,,
4972,川棚変電所,山口県,一致なし,,,
4973,己斐変電所,広島県,一致なし,,,
4974,平野変電所,広島県,一致なし,,,
4975,庄原変電所,広島県,一致なし,,,
4976,建部変電所,岡山県,一致なし,,,
4977,引野変電所,広島県,一致なし,,,
4978,弥栄変電所,山口県,一致なし,,,
4979,当新田変電所,岡山県,一致なし,,,
4981,御幸変電所,広島県,一致なし,,,
4982,志和変電所,広島県,一致なし,,,
4983,打吹変電所,鳥取県,一致なし,,,
4984,打梨変電所,広島県,一致なし,,,
4985,技術研究センター変電所,広島県,一致なし,,,
4986,揖屋変電所,島根県,一致なし,,,
4987,新大内変電所,山口県,一致なし,,,
4988,新市変電所,広島県,一致なし,,,
4989,新涯変電所,広島県,一致なし,,,
4990,新熊見変電所,広島県,一致なし,,,
4991,明塚変電所,島根県,一致なし,,,
4992,末広変電所,広島県,一致なし,,,
4993,末武変電所,山口県,一致なし,,,
4994,本地変電所,広島県,一致なし,,,
4995,東三原変電所,広島県,一致なし,,,
4996,東三次変電所,広島県,一致なし,,,
4997,東尾道変電所,広島県,一致なし,,,
4998,東海田変電所,広島県,一致なし,,,
4999,東町変電所,広島県,一致なし,,,
5000,柳井変電所,山口県,一致なし,,,
5001,森原変電所,広島県,一致なし,,,
5002,椋梨川変電所,広島県,一致なし,,,
5004,水島火力変電所,岡山県,一致なし,,,
5005,沼田変電所,広島県,一致なし,,,
5006,沼田西変電所,広島県,一致なし,,,
5007,沼隈変電所,広島県,一致なし,,,
5008,法吉変電所,島根県,一致なし,,,
5009,津倉変電所,岡山県,一致なし,,,
5010,津田変電所,島根県,一致なし,,,
5012,海田変電所,広島県,一致なし,,,
5013,深川変電所,山口県,一致なし,,,
5014,湖山変電所,鳥取県,一致なし,,,
5015,湯原第一変電所,岡山県,一致なし,,,
5016,湯原第二変電所,岡山県,一致なし,,,
5017,潮変電所,島根県,一致なし,,,
5018,澄川変電所,島根県,一致なし,,,
5019,瀬戸変電所,広島県,一致なし,,,
5020,瀬戸田変電所,広島県,一致なし,,,
5021,瀬野川変電所,広島県,一致なし,,,
5022,焼山変電所,広島県,一致なし,,,
5023,焼山南変電所,広島県,一致なし,,,
5024,玉島ハーバーアイランド変電所,岡山県,一致なし,,,
5025,玉島火力変電所,岡山県,一致なし,,,
5026,玉野変電所,岡山県,一致なし,,,
5027,玖波変電所,広島県,一致なし,,,
5028,生名変電所,広島県,一致なし,,,
5029,生坂変電所,岡山県,一致なし,,,
5030,田島変電所,鳥取県,一致なし,,,
5031,田布施変電所,山口県,一致なし,,,
5032,田町変電所,岡山県,一致なし,,,
5033,甲山変電所,広島県,一致なし,,,
5034,甲田変電所,広島県,一致なし,,,
5036,白神変電所,広島県,一致なし,,,
5037,直江変電所,島根県,一致なし,,,
5038,相生変電所,山口県,一致なし,,,
5039,矢原変電所,山口県,一致なし,,,
5040,矢口変電所,広島県,一致なし,,,
5041,矢掛変電所,岡山県,一致なし,,,
5042,知井宮変電所,島根県,一致なし,,,
5043,石内変電所,広島県,一致なし,,,
5044,祇園変電所,広島県,一致なし,,,
5045,神野瀬変電所,広島県,一致なし,,,
5046,福山変電所,広島県,一致なし,,,
5047,福田変電所,岡山県,一致なし,,,
5048,竹原変電所,広島県,一致なし,,,
5049,箕島変電所,広島県,一致なし,,,
5050,綾部変電所,岡山県,一致なし,,,
5051,美ノ郷変電所,広島県,一致なし,,,
5052,羽須美変電所,島根県,一致なし,,,
5053,舟入変電所,広島県,一致なし,,,
5054,船穂変電所,岡山県,一致なし,,,
5055,芦田変電所,広島県,一致なし,,,
5056,芸北変電所,広島県,一致なし,,,
5057,茂平変電所,岡山県,一致なし,,,
5058,菅原変電所,島根県,一致なし,,,
5059,萩変電所,山口県,一致なし,,,
5060,落合変電所,岡山県,一致なし,,,
5061,蒲生野変電所,山口県,一致なし,,,
5062,蔵王変電所,広島県,一致なし,,,
5063,藤田変電所,岡山県,一致なし,,,
5064,西宇部変電所,山口県,一致なし,,,
5065,西岡山変電所,岡山県,一致なし,,,
5066,西条変電所,広島県,一致なし,,,
5067,西江原変電所,岡山県,一致なし,,,
5068,西町変電所,広島県,一致なし,,,
5069,西阿知変電所,岡山県,一致なし,,,
5070,西高屋変電所,広島県,一致なし,,,
5071,観音変電所,広島県,一致なし,,,
5072,赤向坂変電所,広島県,一致なし,,,
5073,車尾変電所,鳥取県,一致なし,,,
5074,連島変電所,岡山県,一致なし,,,
5075,酒津変電所,岡山県,一致なし,,,
5076,野殿変電所,岡山県,一致なし,,,
5077,錦町変電所,岡山県,一致なし,,,
5078,長利変電所,岡山県,一致なし,,,
5079,間野平変電所,広島県,一致なし,,,
5080,防府変電所,山口県,一致なし,,,
5081,阿品台変電所,広島県,一致なし,,,
5082,隅の浜変電所,広島県,一致なし,,,
5083,飯室変電所,広島県,一致なし,,,
5084,駅家北変電所,広島県,一致なし,,,
5085,高屋変電所,広島県,一致なし,,,
5086,高松変電所,島根県,一致なし,,,
5087,高梁変電所,岡山県,一致なし,,,
5088,高須変電所,広島県,一致なし,,,
5089,鳥取変電所,鳥取県,一致なし,,,
5090,鶴見変電所,広島県,一致なし,,,
5091,麻里布変電所,山口県,一致なし,,,
5092,七日市変電所,岡山県,一致なし,,,
5095,三野変電所,岡山県,一致なし,,,
5096,上市変電所,岡山県,一致なし,,,
5097,下府変電所,島根県,一致なし,,,
5099,中畝変電所,岡山県,一致なし,,,
5100,串田変電所,岡山県,一致なし,,,
5101,久世変電所,岡山県,一致なし,,,
5102,久米変電所,岡山県,一致なし,,,
5103,二本木変電所,鳥取県,一致なし,,,
5104,仁万変電所,島根県,一致なし,,,
5105,仁方変電所,広島県,一致なし,,,
5106,伊部変電所,岡山県,一致なし,,,
5107,佐々並川変電所,山口県,一致なし,,,
5108,児島変電所,岡山県,一致なし,,,
5109,八東変電所,鳥取県,一致なし,,,
5110,八橋変電所,鳥取県,一致なし,,,
5111,出部変電所,岡山県,一致なし,,,
5112,加茂変電所,岡山県,一致なし,,,
5113,勝央変電所,岡山県,一致なし,,,
5114,勝山第二変電所,岡山県,一致なし,,,
5115,北原変電所,島根県,一致なし,,,
5116,北津山変電所,岡山県,一致なし,,,
5117,古川変電所,岡山県,一致なし,,,
5118,周匝変電所,岡山県,一致なし,,,
5119,周布変電所,島根県,一致なし,,,
5120,周布川第二変電所,島根県,一致なし,,,
5121,味野変電所,岡山県,一致なし,,,
5122,多伎変電所,島根県,一致なし,,,
5123,夜見変電所,鳥取県,一致なし,,,
5124,大元変電所,岡山県,一致なし,,,
5125,大内変電所,鳥取県,一致なし,,,
5126,大原変電所,岡山県,一致なし,,,
5127,大田変電所,島根県,一致なし,,,
5128,大社変電所,島根県,一致なし,,,
5129,大竹変電所,広島県,一致なし,,,
5130,太華変電所,山口県,一致なし,,,
5131,奥津変電所,岡山県,一致なし,,,
5132,宇田川変電所,鳥取県,一致なし,,,
5133,山田変電所,岡山県,一致なし,,,
5134,川尻変電所,広島県,一致なし,,,
5135,川跡変電所,島根県,一致なし,,,
5136,帝釈川変電所,広島県,一致なし,,,
5137,平作原変電所,岡山県,一致なし,,,
5139,広変電所,広島県,一致なし,,,
5140,弓削変電所,岡山県,一致なし,,,
5141,御津変電所,岡山県,一致なし,,,
5142,愛宕変電所,山口県,一致なし,,,
5143,成羽変電所,岡山県,一致なし,,,
5144,敬川変電所,島根県,一致なし,,,
5145,新川平変電所,鳥取県,一致なし,,,
5146,新湊変電所,岡山県,一致なし,,,
5147,日南変電所,鳥取県,一致なし,,,
5148,日原変電所,島根県,一致なし,,,
5149,日比変電所,岡山県,一致なし,,,
5150,日登変電所,島根県,一致なし,,,
5152,旭変電所,鳥取県,一致なし,,,
5153,明木変電所,山口県,一致なし,,,
5154,晴海変電所,広島県,一致なし,,,
5155,有漢変電所,岡山県,一致なし,,,
5156,服部変電所,岡山県,一致なし,,,
5157,木次変電所,島根県,一致なし,,,
5159,来見野変電所,鳥取県,一致なし,,,
5160,東城変電所,広島県,一致なし,,,
5161,東津山変電所,岡山県,一致なし,,,
5162,松浜変電所,広島県,一致なし,,,
5163,林野変電所,岡山県,一致なし,,,
5164,桜江変電所,島根県,一致なし,,,
5165,江津変電所,島根県,一致なし,,,
5166,津ノ井変電所,鳥取県,一致なし,,,
5167,津和野変電所,島根県,一致なし,,,
5168,津山変電所,岡山県,一致なし,,,
5169,津山口変電所,岡山県,一致なし,,,
5170,浜田変電所,島根県,一致なし,,,
5171,温泉津変電所,島根県,一致なし,,,
5172,湊山変電所,鳥取県,一致なし,,,
5173,滝部変電所,山口県,一致なし,,,
5174,牧変電所,鳥取県,一致なし,,,
5175,玖珂西変電所,山口県,一致なし,,,
5176,用瀬変電所,鳥取県,一致なし,,,
5177,田原変電所,岡山県,一致なし,,,
5178,由宇変電所,山口県,一致なし,,,
5179,皆生変電所,鳥取県,一致なし,,,
5180,益田変電所,島根県,一致なし,,,
5181,直島変電所,岡山県,一致なし,,,
5182,真加部変電所,岡山県,一致なし,,,
5183,矢上変電所,島根県,一致なし,,,
5184,神代変電所,山口県,一致なし,,,
5185,福栄変電所,山口県,一致なし,,,
5186,美和変電所,山口県,一致なし,,,
5187,美星変電所,岡山県,一致なし,,,
5188,美東変電所,山口県,一致なし,,,
5189,羽合変電所,鳥取県,一致なし,,,
5190,荘内変電所,岡山県,一致なし,,,
5191,落合水力変電所,広島県,一致なし,,,
5192,西市変電所,山口県,一致なし,,,
5193,見初変電所,山口県,一致なし,,,
5194,請川変電所,山口県,一致なし,,,
5195,豊島変電所,岡山県,一致なし,,,
5196,賀陽変電所,岡山県,一致なし,,,
5197,金岡変電所,岡山県,一致なし,,,
5198,鋳銭司変電所,山口県,一致なし,,,
5199,錦川第一変電所,山口県,一致なし,,,
5200,錦川第二変電所,山口県,一致なし,,,
5201,長門峡変電所,山口県,一致なし,,,
5202,間上変電所,山口県,一致なし,,,
5203,阿月変電所,山口県,一致なし,,,
5204,阿知須変電所,山口県,一致なし,,,
5205,鞆変電所,広島県,一致なし,,,
5206,高津変電所,島根県,一致なし,,,
5207,鹿島変電所,島根県,一致なし,,,
5208,黒坂変電所,鳥取県,一致なし,,,
5274,川内変電所,,一致(全国)だが四国エリア外のため不採用,,,川内変電所
5275,阿南火力変電所,,一致なし,,,
5276,蔭平変電所,,一致なし,,,
5277,新改変電所,,一致なし,,,
5278,奈半利川変電所,,一致なし,,,
5279,壬生川変電所,,一致なし,,,
5280,西条火力変電所,,一致なし,,,
5281,坂出火力変電所,,一致なし,,,
5282,久礼変電所,高知県,一致なし,,,
5283,押岡変電所,高知県,一致なし,,,
5284,長沢変電所,高知県,一致なし,,,
5285,ひうち変電所,愛媛県,一致なし,,,
5286,一宇変電所,徳島県,一致なし,,,
5287,一宮変電所,高知県,一致なし,,,
5288,三渓変電所,徳島県,一致なし,,,
5289,三瓶変電所,愛媛県,一致なし,,,
5290,三野変電所,徳島県,一致なし,,,
5292,上板変電所,徳島県,一致なし,,,
5293,上浦変電所,徳島県,一致なし,,,
5294,下知変電所,高知県,一致なし,,,
5295,中村変電所,高知県,一致なし,,,
5296,中野変電所,愛媛県,一致なし,,,
5297,丸の内変電所,香川県,一致なし,,,
5298,丹原変電所,愛媛県,一致なし,,,
5299,亀岡変電所,愛媛県,一致なし,,,
5300,亀浦変電所,愛媛県,一致なし,,,
5301,仁尾変電所,香川県,一致なし,,,
5302,今切変電所,徳島県,一致なし,,,
5303,今治変電所,愛媛県,一致なし,,,
5304,仏生山変電所,香川県,一致なし,,,
5305,伊予川変電所,徳島県,一致なし,,,
5306,伊野変電所,高知県,一致なし,,,
5308,佐賀変電所,高知県,一致なし,,,
5309,保内変電所,愛媛県,一致なし,,,
5310,八倉変電所,愛媛県,一致なし,,,
5311,八幡浜変電所,愛媛県,一致なし,,,
5312,六条変電所,香川県,一致なし,,,
5313,内子変電所,愛媛県,一致なし,,,
5314,出合変電所,徳島県,一致なし,,,
5315,出目変電所,愛媛県,一致なし,,,
5316,切幡変電所,徳島県,一致なし,,,
5317,切越変電所,徳島県,一致なし,,,
5318,加枝変電所,高知県,一致なし,,,
5319,助任変電所,徳島県,一致なし,,,
5320,勝岡変電所,愛媛県,一致なし,,,
5321,北島変電所,徳島県,一致なし,,,
5322,南井上変電所,徳島県,一致なし,,,
5323,南国変電所,高知県,一致なし,,,
5324,原町変電所,愛媛県,一致なし,,,
5325,吉田変電所,愛媛県,一致なし,,,
5326,名頃変電所,徳島県,一致なし,,,
5327,善通寺変電所,香川県,一致なし,,,
5328,喜多川変電所,愛媛県,一致なし,,,
5329,土居変電所,愛媛県,一致なし,,,
5330,垂水変電所,香川県,一致なし,,,
5332,多喜浜変電所,愛媛県,一致なし,,,
5334,多賀変電所,愛媛県,一致なし,,,
5335,大久変電所,愛媛県,一致なし,,,
5337,大浜変電所,香川県,一致なし,,,
5338,大浦変電所,愛媛県,一致なし,,,
5339,室戸変電所,高知県,一致なし,,,
5340,宿毛変電所,高知県,一致なし,,,
5341,寄井変電所,徳島県,一致なし,,,
5342,富岡変電所,徳島県,一致なし,,,
5343,富田変電所,愛媛県,一致なし,,,
5344,寒川変電所,愛媛県,一致なし,,,
5345,小松島変電所,徳島県,一致なし,,,
5347,屋島変電所,香川県,一致なし,,,
5348,山川変電所,徳島県,一致なし,,,
5349,山本変電所,香川県,一致なし,,,
5350,山際変電所,愛媛県,一致なし,,,
5351,岩松変電所,愛媛県,一致なし,,,
5352,常磐変電所,香川県,一致なし,,,
5353,平島変電所,徳島県,一致なし,,,
5354,平田変電所,愛媛県,一致なし,,,
5356,広野変電所,徳島県,一致なし,,,
5357,引田変電所,香川県,一致なし,,,
5358,御荘変電所,愛媛県,一致なし,,,
5359,徳島変電所,徳島県,一致なし,,,
5360,徳森変電所,愛媛県,一致なし,,,
5361,惣川変電所,愛媛県,一致なし,,,
5362,戸内変電所,高知県,一致なし,,,
5363,政枝変電所,愛媛県,一致なし,,,
5364,敷地変電所,徳島県,一致なし,,,
5365,日和佐変電所,徳島県,一致なし,,,
5366,日野谷変電所,徳島県,一致なし,,,
5367,旭変電所,高知県,一致なし,,,
5368,春日変電所,愛媛県,一致なし,,,
5371,朝倉変電所,高知県,一致なし,,,
5372,朝倉北変電所,愛媛県,一致なし,,,
5373,朝日町変電所,愛媛県,一致なし,,,
5374,末広変電所,徳島県,一致なし,,,
5375,本町変電所,高知県,一致なし,,,
5376,東浜変電所,香川県,一致なし,,,
5377,東豊永変電所,高知県,一致なし,,,
5378,東雲変電所,愛媛県,一致なし,,,
5379,松前変電所,愛媛県,一致なし,,,
5380,松尾川第二変電所,徳島県,一致なし,,,
5381,松島変電所,香川県,一致なし,,,
5382,板野変電所,徳島県,一致なし,,,
5383,林変電所,徳島県,一致なし,,,
5384,林田変電所,香川県,一致なし,,,
5385,枝堀変電所,愛媛県,一致なし,,,
5386,枝松変電所,愛媛県,一致なし,,,
5387,柳井田変電所,愛媛県,一致なし,,,
5388,柳瀬変電所,愛媛県,一致なし,,,
5389,桂浜変電所,高知県,一致なし,,,
5391,梼原川第一変電所,高知県,一致なし,,,
5392,梼原川第二変電所,高知県,一致なし,,,
5393,横林変電所,愛媛県,一致なし,,,
5394,橘変電所,徳島県,一致なし,,,
5395,永瀬変電所,高知県,一致なし,,,
5396,江の口変電所,高知県,一致なし,,,
5397,池田変電所,徳島県,一致なし,,,
5398,泉川変電所,愛媛県,一致なし,,,
5399,波止浜変電所,愛媛県,一致なし,,,
5400,津賀変電所,高知県,一致なし,,,
5401,浅川変電所,愛媛県,一致なし,,,
5402,浜田変電所,愛媛県,一致なし,,,
5403,海南変電所,徳島県,一致なし,,,
5404,清水変電所,高知県,一致なし,,,
5405,湯山変電所,愛媛県,一致なし,,,
5406,琴平変電所,香川県,一致なし,,,
5407,田野変電所,高知県,一致なし,,,
5408,番の州変電所,香川県,一致なし,,,
5409,番町変電所,愛媛県,一致なし,,,
5410,石井変電所,愛媛県,一致なし,,,
5411,祖谷変電所,徳島県,一致なし,,,
5412,穴内川変電所,高知県,一致なし,,,
5413,穴吹変電所,徳島県,一致なし,,,
5414,窪川変電所,高知県,一致なし,,,
5415,立田変電所,高知県,一致なし,,,
5416,竹原変電所,愛媛県,一致なし,,,
5417,第五黒川変電所,愛媛県,一致なし,,,
5418,筆山変電所,高知県,一致なし,,,
5419,脇町変電所,徳島県,一致なし,,,
5420,若宮変電所,愛媛県,一致なし,,,
5421,蔵本変電所,徳島県,一致なし,,,
5422,藍場変電所,徳島県,一致なし,,,
5423,衣山変電所,愛媛県,一致なし,,,
5424,西通変電所,香川県,一致なし,,,
5426,詫間変電所,香川県,一致なし,,,
5427,豊中変電所,香川県,一致なし,,,
5428,豊浜変電所,香川県,一致なし,,,
5429,貞光変電所,徳島県,一致なし,,,
5430,赤石変電所,徳島県,一致なし,,,
5431,辰巳変電所,徳島県,一致なし,,,
5432,農人町変電所,高知県,一致なし,,,
5433,道後変電所,愛媛県,一致なし,,,
5434,郡中変電所,愛媛県,一致なし,,,
5435,重信変電所,愛媛県,一致なし,,,
5436,野村変電所,愛媛県,一致なし,,,
5437,長浜変電所,愛媛県,一致なし,,,
5438,雑賀変電所,徳島県,一致なし,,,
5439,面河第一変電所,愛媛県,一致なし,,,
5440,香我美変電所,高知県,一致なし,,,
5441,香東変電所,香川県,一致なし,,,
5442,高岡変電所,高知県,一致なし,,,
5443,高松中央変電所,香川県,一致なし,,,
5444,高瀬変電所,香川県,一致なし,,,
5445,鷲敷変電所,徳島県,一致なし,,,
5446,鷹子変電所,愛媛県,一致なし,,,
5804,苓北変電所,,一致なし,,,
5805,一ツ瀬変電所,,一致なし,,,
5806,上椎葉変電所,,一致なし,,,
5807,東豊前変電所,,一致なし,,,
5808,西佐世保変電所,,一致なし,,,
5809,速見変電所,,一致なし,,,
5810,塚原変電所,,一致(全国)だが九州エリア外のため不採用,,,塚原変電所
5811,大口変電所,,一致なし,,,
5812,大山変電所,,一致なし,,,
5813,大淀第二変電所,,一致なし,,,
5814,末吉変電所,,一致(全国)だが九州エリア外のため不採用,,,末吉変電所
5815,末広変電所,,候補2件で特定不可,,,
5816,港変電所,,一致なし,,,
5818,西山鹿変電所,,一致なし,,,
5823,アイランドシティ変電所,,一致なし,,,
5825,三城変電所,,一致なし,,,
5826,三芳変電所,,一致なし,,,
5827,上岡変電所,,一致なし,,,
5828,上白水変電所,,一致なし,,,
5829,下筌変電所,,一致なし,,,
5830,中種子変電所,,一致(全国)だが九州エリア外のため不採用,,,中種子変電所
5831,今宿変電所,,一致なし,,,
5832,伊倉(6kV)変電所,,一致なし,,,
5833,佐々変電所,,一致なし,,,
5834,佐世保変電所,,一致なし,,,
5835,佐伯変電所,,一致なし,,,
5836,佐志変電所,,一致なし,,,
5837,佐賀関変電所,,一致なし,,,
5838,佐須奈変電所,,一致なし,,,
5839,健軍変電所,,一致なし,,,
5840,元石変電所,,一致なし,,,
5841,八女変電所,,一致なし,,,
5842,前原変電所,,一致(全国)だが九州エリア外のため不採用,,,前原変電所
5844,加来変電所,,一致なし,,,
5846,原古賀変電所,,一致なし,,,
5847,古閑(6kV)変電所,,一致なし,,,
5848,吉井変電所,,一致(全国)だが九州エリア外のため不採用,,,吉井変電所
5849,名瀬変電所,,一致なし,,,
5851,周船寺変電所,,一致なし,,,
5854,塩屋変電所,,候補2件で特定不可,,,
5855,塩田変電所,,一致なし,,,
5856,夜明変電所,,一致なし,,,
5857,大久保変電所,,一致(電圧で特定)(全国)だが九州エリア外のため不採用,,,大久保変電所
5858,大刀洗変電所,,一致なし,,,
5859,大南変電所,,一致なし,,,
5860,大岳変電所,,一致なし,,,
5861,大島変電所,,一致なし,,,
5862,大津変電所,,一致(電圧で特定)(全国)だが九州エリア外のため不採用,,,大津変電所
5863,大渕変電所,,一致なし,,,
5864,大牟田変電所,,一致なし,,,
5865,大財変電所,,一致なし,,,
5866,大野変電所,,候補3件で特定不可,,,
5867,女子畑変電所,,一致なし,,,
5868,妙見変電所,,一致なし,,,
5869,嬉野変電所,,一致なし,,,
5870,宇島変電所,,一致なし,,,
5871,宇美変電所,,一致なし,,,
5872,安岐変電所,,一致なし,,,
5873,宮の下変電所,,一致なし,,,
5875,寒田変電所,,一致なし,,,
5876,小佐井変電所,,一致なし,,,
5877,小国変電所,,一致なし,,,
5878,小豆崎変電所,,一致なし,,,
5879,小関変電所,,一致(全国)だが九州エリア外のため不採用,,,小関変電所
5880,岡川変電所,,一致なし,,,
5881,岩屋変電所,,一致なし,,,
5882,岸井(22kV)変電所,,一致なし,,,
5883,川上川第一変電所,,一致なし,,,
5885,川棚変電所,,一致なし,,,
5886,平戸変電所,,一致なし,,,
5887,平田台変電所,,一致なし,,,
5888,幸野変電所,,一致なし,,,
5889,広川変電所,,一致なし,,,
5890,広滝第一変電所,,一致なし,,,
5891,延命寺変電所,,一致なし,,,
5892,御館変電所,,一致なし,,,
5893,徳須恵変電所,,一致なし,,,
5896,忠見変電所,,一致なし,,,
5898,新住用川変電所,,一致(全国)だが九州エリア外のため不採用,,,新住用川変電所
5899,新宮変電所,,一致(全国)だが九州エリア外のため不採用,,,新宮変電所
5900,新種子島変電所,,一致なし,,,
5903,日奈久変電所,,一致なし,,,
5905,早岐変電所,,一致なし,,,
5906,有田変電所,,一致(全国)だが九州エリア外のため不採用,,,有田変電所
5907,木室変電所,,一致なし,,,
5908,木屋変電所,,一致なし,,,
5910,本渡変電所,,一致なし,,,
5911,村所変電所,,一致なし,,,
5912,村田変電所,,一致(全国)だが九州エリア外のため不採用,,,村田変電所
5913,東小城変電所,,一致なし,,,
5914,東彼杵変電所,,一致なし,,,
5915,東町変電所,,一致(全国)だが九州エリア外のため不採用,,,東町変電所
5916,杵築変電所,,一致なし,,,
5917,松原変電所,,一致なし,,,
5918,松崎変電所,,一致(全国)だが九州エリア外のため不採用,,,松崎変電所
5919,柳ヶ浦変電所,,一致なし,,,
5920,柳川変電所,,一致なし,,,
5921,柿原変電所,,一致なし,,,
5923,横竹変電所,,一致なし,,,
5925,江津変電所,,一致なし,,,
5926,江迎変電所,,一致なし,,,
5927,沈堕変電所,,一致なし,,,
5928,沖洲変電所,,一致なし,,,
5929,波佐見変電所,,一致なし,,,
5930,津久見変電所,,一致なし,,,
5931,浜玉変電所,,一致なし,,,
5932,浜田変電所,,一致(全国)だが九州エリア外のため不採用,,,浜田変電所
5933,渡川変電所,,一致なし,,,
5934,港町変電所,,一致なし,,,
5935,湯山変電所,,一致なし,,,
5936,湯田変電所,,一致なし,,,
5937,瀬高変電所,,一致なし,,,
5938,熊野変電所,,一致なし,,,
5939,牛深変電所,,一致なし,,,
5941,王ノ瀬変電所,,一致なし,,,
5942,田平変電所,,一致なし,,,
5943,田浦変電所,,一致なし,,,
5944,田迎変電所,,一致なし,,,
5946,的石変電所,,一致なし,,,
5947,相浦変電所,,一致なし,,,
5948,矢上変電所,,一致なし,,,
5949,神田変電所,,一致(電圧で特定)(全国)だが九州エリア外のため不採用,,,神田変電所
5950,神辺変電所,,一致なし,,,
5951,神野変電所,,一致(全国)だが九州エリア外のため不採用,,,神野変電所
5953,種子島第一変電所,,一致なし,,,
5954,立花変電所,,一致(全国)だが九州エリア外のため不採用,,,立花変電所
5955,竜郷変電所,,一致なし,,,
5956,竹田津変電所,,一致なし,,,
5957,笠之原変電所,,一致なし,,,
5959,築城(22kV)変電所,,一致なし,,,
5960,簑島変電所,,一致なし,,,
5961,米之津変電所,,一致なし,,,
5962,臼杵変電所,,一致なし,,,
5963,船越変電所,,一致なし,,,
5964,芦北変電所,,一致なし,,,
5965,若葉変電所,,一致(全国)だが九州エリア外のため不採用,,,若葉変電所
5966,菊池川第三変電所,,一致なし,,,
5967,菊陽(22kV)変電所,,一致なし,,,
5968,藤棚変電所,,一致なし,,,
5970,豊玉変電所,,一致なし,,,
5971,軸丸変電所,,一致なし,,,
5972,近見変電所,,一致なし,,,
5974,野上変電所,,一致(全国)だが九州エリア外のため不採用,,,野上変電所
5975,野原変電所,,一致なし,,,
5976,針尾変電所,,一致なし,,,
5977,鍋島変電所,,一致なし,,,
5978,阿久根変電所,,一致なし,,,
5984,高木瀬変電所,,一致なし,,,
5985,高田変電所,,候補2件で特定不可,,,
5986,鶴川変電所,,一致(全国)だが九州エリア外のため不採用,,,鶴川変電所
5987,鹿島変電所,,一致(電圧で特定)(全国)だが九州エリア外のため不採用,,,鹿島変電所
6009,友寄変電所,沖縄県,一致なし,,,
6010,栄野比変電所,沖縄県,一致なし,,,
6011,牧港第一変電所,沖縄県,一致なし,,,
6012,石川火力変電所,沖縄県,一致なし,,,
6013,金武火力変電所,沖縄県,一致なし,,,
6014,ギンバル変電所,沖縄県,一致なし,,,
6015,与勝変電所,沖縄県,一致なし,,,
6016,中の町変電所,沖縄県,一致なし,,,
6017,中城湾変電所,沖縄県,一致なし,,,
6018,今帰仁変電所,沖縄県,一致なし,,,
6019,仲石変電所,沖縄県,一致なし,,,
6020,伊平変電所,沖縄県,一致なし,,,
6021,伊波変電所,沖縄県,一致なし,,,
6022,伊良皆第一変電所,沖縄県,一致なし,,,
6023,具志頭変電所,沖縄県,一致なし,,,
6024,冨着変電所,沖縄県,一致なし,,,
6025,勢理客変電所,沖縄県,一致なし,,,
6026,北谷変電所,沖縄県,一致なし,,,
6027,南上原変電所,沖縄県,一致なし,,,
6028,古波蔵変電所,沖縄県,一致なし,,,
6029,喜仲変電所,沖縄県,一致なし,,,
6030,喜瀬変電所,沖縄県,一致なし,,,
6031,城間変電所,沖縄県,一致なし,,,
6032,大保変電所,沖縄県,一致なし,,,
6033,大名変電所,沖縄県,一致なし,,,
6034,大山変電所,沖縄県,一致なし,,,
6035,天願変電所,沖縄県,一致なし,,,
6037,安和変電所,沖縄県,一致なし,,,
6038,安室変電所,沖縄県,一致なし,,,
6039,安富祖変電所,沖縄県,一致なし,,,
6040,安谷屋変電所,沖縄県,一致なし,,,
6041,宮城変電所,沖縄県,一致なし,,,
6042,屋良変電所,沖縄県,一致なし,,,
6043,島袋変電所,沖縄県,一致なし,,,
6044,平安座変電所,沖縄県,一致なし,,,
6045,座喜味変電所,沖縄県,一致なし,,,
6046,恩納変電所,沖縄県,一致なし,,,
6047,新名護変電所,沖縄県,一致なし,,,
6048,新金武変電所,沖縄県,一致なし,,,
6049,普天間変電所,沖縄県,一致なし,,,
6050,本部変電所,沖縄県,一致なし,,,
6051,東町変電所,沖縄県,一致なし,,,
6052,松尾変電所,沖縄県,一致なし,,,
6053,桑江変電所,沖縄県,一致なし,,,
6054,浦添変電所,沖縄県,一致なし,,,
6055,牧志変電所,沖縄県,一致なし,,,
6056,瑞慶覧変電所,沖縄県,一致なし,,,
6057,真壁変電所,沖縄県,一致なし,,,
6058,真玉橋変電所,沖縄県,一致なし,,,
6059,知花変電所,沖縄県,一致なし,,,
6060,石川変電所,沖縄県,一致なし,,,
6061,糸満変電所,沖縄県,一致なし,,,
6062,繁多川変電所,沖縄県,一致なし,,,
6063,美里変電所,沖縄県,一致なし,,,
6064,羽地変電所,沖縄県,一致なし,,,
6065,辺野古変電所,沖縄県,一致なし,,,
6066,阿波根変電所,沖縄県,一致なし,,,
6067,高原変電所,沖縄県,一致なし,,,
6068,高安変電所,沖縄県,一致なし,,,
