No.,変電所名,照合結果,記入した列,既存値との差異(未上書き),CSV/バンク
1,今別変換所,一致なし,,,
2,北斗変換所,一致なし,,,
3,北新得変電所,一致(275/187kV),flow,,sys_capa_kikan01_Tr_202607_01.csv
4,北海道電力(株) 大野変電所,一致(275/187kV),"vsec,cap,opcap,flow,n1,curtail",,sys_capa_kikan01_Tr_202607_01.csv
5,南早来変電所①,一致(275/187kV),flow,,sys_capa_kikan01_Tr_202607_01.csv
6,大野変電所①,一致(275/187kV),flow,,sys_capa_kikan01_Tr_202607_01.csv
7,泊変電所,一致なし,,,
8,石狩湾新港発電所,一致なし,,,
9,西双葉開閉所,一致なし,,,
10,西当別変電所,一致(275/187kV),flow,,sys_capa_kikan01_Tr_202607_01.csv
11,西野変電所,一致(275/187kV),flow,,sys_capa_kikan01_Tr_202607_01.csv
12,吉岡ケーブルヘッド,一致なし,,,
13,竜飛ケーブルヘッド,一致なし,,,
14,七飯発電所,一致なし,,,
15,北七飯変電所,一致(187/66kV),flow,,sys_capa_kikan01_Tr_202607_01.csv
16,北江別変電所,一致(187/66kV),flow,,sys_capa_kikan01_Tr_202607_01.csv
17,北海道北部風力送電㈱ 北豊富変電所,一致なし,,,
18,北海道電力 総合研究所,一致なし,,,
19,北芽室変電所,一致(187/66kV),flow,,sys_capa_kikan01_Tr_202607_01.csv
20,北静内変電所,一致(187/66kV),flow,,sys_capa_kikan01_Tr_202607_01.csv
21,南九条変電所,一致(187/66kV),flow,,sys_capa_kikan01_Tr_202607_01.csv
22,南札幌変電所,一致(187/66kV),flow,,sys_capa_kikan01_Tr_202607_01.csv
23,双葉開閉所,一致なし,,,
24,女満別変電所,一致(187/66kV),flow,,sys_capa_kikan01_Tr_202607_01.csv
25,宇円別変電所,一致(187/66kV),flow,,sys_capa_kikan01_Tr_202607_01.csv
26,室蘭変電所,一致(187/66kV),flow,,sys_capa_kikan01_Tr_202607_01.csv
27,岩清水開閉所,一致なし,,,
28,恵庭変電所,一致(187/66kV),flow,,sys_capa_kikan01_Tr_202607_01.csv
29,新冠開閉所,一致なし,,,
30,旭川変電所,一致(187/66kV),flow,,sys_capa_kikan01_Tr_202607_01.csv
31,旭川嵐山開閉所,一致なし,,,
32,東苫小牧変電所,一致(187/66kV),flow,,sys_capa_kikan01_Tr_202607_01.csv
33,東釧路変電所,一致(187/66kV),flow,,sys_capa_kikan01_Tr_202607_01.csv
34,留辺蘂変電所,一致(187/66kV),flow,,sys_capa_kikan01_Tr_202607_01.csv
35,篠路変電所,一致(187/66kV),flow,,sys_capa_kikan01_Tr_202607_01.csv
36,苗穂変電所,一致(187/66kV),flow,,sys_capa_kikan01_Tr_202607_01.csv
37,苫小牧変電所,一致(187/66kV),flow,,sys_capa_kikan01_Tr_202607_01.csv
38,西中川変電所,一致(187/66kV),flow,vsec: 既存100→CSV66,sys_capa_kikan01_Tr_202607_01.csv
39,西伊達変電所,一致(187/66kV),flow,,sys_capa_kikan01_Tr_202607_01.csv
40,西名寄変電所,一致(187/100kV),flow,vsec: 既存66→CSV100,sys_capa_kikan01_Tr_202607_01.csv
41,西室蘭開閉所,一致なし,,,
42,西小樽変電所,一致(187/66kV),flow,cap: 既存300→CSV350,sys_capa_kikan01_Tr_202607_01.csv
43,西旭川変電所,一致(187/66kV),flow,,sys_capa_kikan01_Tr_202607_01.csv
44,西春別変電所,一致(187/66kV),flow,,sys_capa_kikan01_Tr_202607_01.csv
45,西札幌変電所,一致(187/66kV),flow,cap: 既存600→CSV800; opcap: 既存391→CSV575,sys_capa_kikan01_Tr_202607_01.csv
46,西滝川変電所,一致(187/66kV),flow,,sys_capa_kikan01_Tr_202607_01.csv
47,西音更変電所,一致(187/66kV),flow,,sys_capa_kikan01_Tr_202607_01.csv
48,電源開発株式会社北地域制御所,一致なし,,,
49,愛別変電所,一致(110/6.6kV),"vsec,cap,opcap,flow,n1,curtail",,sys_capa_local03_Tr_202607_01.csv
50,中川変電所,一致(100/6.6kV),"vsec,cap,opcap,avail,avail_up,n1,curtail",,sys_capa_local01_Tr_202607_01.csv
51,名寄変電所,候補2件で特定不可,,,100/22; 100/6.6
52,咲来変電所,一致(100/6.6kV),"vsec,cap,opcap,avail,avail_up,n1,curtail",,sys_capa_local01_Tr_202607_01.csv
53,声問変電所,一致(100/6.6kV),"vsec,cap,opcap,avail,avail_up,n1,curtail",,sys_capa_local01_Tr_202607_01.csv
54,小頓別変電所,一致(100/66kV),"vsec,cap,opcap,flow,n1,curtail",,sys_capa_local01_Tr_202607_01.csv
55,幌延変電所,候補2件で特定不可,,,100/33; 100/6.6
56,稚内変電所,一致(100/6.6kV),"vsec,cap,opcap,avail,avail_up,n1,curtail",,sys_capa_local01_Tr_202607_01.csv
57,稚内西変電所,候補2件で特定不可,,,100/33; 100/6.6
58,開源開閉所,一致なし,,,
59,Chatsu Substation,一致なし,,,
60,Takeura substation,一致なし,,,
61,ニセコ変電所,一致なし,,,
62,ピリカ変電所,一致なし,,,
63,ピリカ発電所,一致なし,,,
64,七条変電所,一致(66/6.6kV),"cap,opcap,avail,avail_up",,sys_capa_local03_Tr_202607_01.csv
65,七重浜変電所,一致なし,,,
66,七飯変電所,一致なし,,,
67,三川変電所,一致なし,,,
68,上ノ国変電所,一致なし,,,
69,上富良野変電所,一致なし,,,
70,上岩松変電所,一致なし,,,
71,上江別変電所,一致なし,,,
72,上渚滑変電所,一致(66/6.6kV),"cap,opcap,avail,avail_up",,sys_capa_local04_Tr_202607_01.csv
73,上磯変電所,一致なし,,,
74,上興部変電所,一致(22/6.6kV),"cap,opcap,avail,avail_up",,sys_capa_local01_Tr_202607_01.csv
75,上長都変電所,一致なし,,,
76,下川変電所,一致(100/6.6kV),"cap,opcap,avail,avail_up",,sys_capa_local01_Tr_202607_01.csv
77,中の橋変電所,一致なし,,,
78,中士幌変電所,一致なし,,,
79,中札内変電所,一致なし,,,
80,中標津変電所,一致なし,,,
81,中湧別変電所,一致(66/6.6kV),"cap,opcap,avail,avail_up",,sys_capa_local04_Tr_202607_01.csv
82,中頓別変電所,一致(66/6.6kV),"cap,opcap,avail,avail_up",,sys_capa_local01_Tr_202607_01.csv
83,丸瀬布変電所,一致(66/6.6kV),"cap,opcap,avail,avail_up",,sys_capa_local04_Tr_202607_01.csv
84,久保内変電所,一致なし,,,
85,二の坂変電所,一致なし,,,
86,二十四軒変電所,一致(66/6.6kV),"vsec,cap,opcap,avail,avail_up,n1",,sys_capa_local07_Tr_202607_01.csv
87,今金変電所,一致なし,,,
88,伊達北黄金 変電所,一致なし,,,
89,伊達変電所,一致なし,,,
90,佐呂間変電所,一致(66/6.6kV),"cap,opcap,avail,avail_up",,sys_capa_local04_Tr_202607_01.csv
91,余市,一致なし,,,
92,余市変電所,一致なし,,,
93,作開変電所,一致なし,,,
94,作開開閉器柱,一致なし,,,
95,倶知安変電所,一致なし,,,
96,八雲変電所,一致なし,,,
97,円山変電所,一致(66/6.6kV),"cap,opcap,avail,avail_up",,sys_capa_local06_Tr_202505_01.csv
98,函館変電所,一致なし,,,
99,別保変電所,一致なし,,,
100,別海変電所,一致なし,,,
101,前田変電所,一致(66/6.6kV),"vsec,cap,opcap,avail,avail_up,n1",,sys_capa_local07_Tr_202607_01.csv
102,剣淵変電所,一致(66/6.6kV),"cap,opcap,avail,avail_up",,sys_capa_local01_Tr_202607_01.csv
103,勇払変電所,一致なし,,,
104,北の峰変電所,一致なし,,,
105,北広島変電所,一致なし,,,
106,北村変電所,一致なし,,,
107,北桧山変電所,一致なし,,,
108,北海道電力 大通変電所,一致(66/6.6kV),"vsec,cap,opcap,avail,avail_up,n1",,sys_capa_local06_Tr_202505_01.csv
109,北見変電所,一致(66/6.6kV),"cap,opcap,avail,avail_up",,sys_capa_local04_Tr_202607_01.csv
110,北見西変電所,一致(66/6.6kV),"cap,opcap,avail,avail_up",,sys_capa_local04_Tr_202607_01.csv
111,千歳変電所,一致なし,,,
112,南清水沢変電所,一致なし,,,
113,南町変電所,一致なし,,,
114,南郷変電所,一致なし,,,
115,占冠変電所,一致なし,,,
116,厚別変電所,一致なし,,,
117,厚岸変電所,一致なし,,,
118,厚床変電所,一致なし,,,
119,厚沢部変電所,一致なし,,,
120,厚田変電所,一致なし,,,
121,厚真変電所,一致なし,,,
122,厚賀変電所,一致なし,,,
123,古平変電所,一致なし,,,
124,右左府変電所,一致なし,,,
125,国富変電所,一致なし,,,
126,増毛変電所,一致なし,,,
127,士別変電所,一致(66/6.6kV),"cap,opcap,avail,avail_up",,sys_capa_local01_Tr_202607_01.csv
128,士幌変電所,一致なし,,,
129,壮瞥変電所,一致なし,,,
130,夕張変電所,一致なし,,,
131,多度志変電所,一致なし,,,
132,大岸変電所,一致なし,,,
133,大曲変電所,一致なし,,,
134,大樹変電所,一致なし,,,
135,大谷地変電所,一致なし,,,
136,大通変電所,一致(66/6.6kV),"cap,opcap,avail,avail_up",,sys_capa_local06_Tr_202505_01.csv
137,大麻変電所,一致なし,,,
138,太平洋興発変電所,一致なし,,,
139,奈井江変電所,一致なし,,,
140,妹背牛変電所,一致なし,,,
141,学田変電所,一致(66/6.6kV),"cap,opcap,avail,avail_up",,sys_capa_local04_Tr_202607_01.csv
142,宇登呂変電所,一致(33/6.6kV),"cap,opcap,avail,avail_up",,sys_capa_local05_Tr_202607_01.csv
143,安足間変電所,一致(110/6.6kV),"cap,opcap,avail,avail_up",,sys_capa_local03_Tr_202607_01.csv
144,室蘭中央変電所,一致なし,,,
145,宮の沢変電所,一致(66/6.6kV),"vsec,cap,opcap,avail,avail_up,n1",,sys_capa_local07_Tr_202607_01.csv
146,富岡変電所,一致なし,,,
147,富川変電所,一致なし,,,
148,富良野変電所,一致なし,,,
149,寒別変電所,一致なし,,,
150,小平変電所,一致なし,,,
151,小樽変電所,一致なし,,,
152,小清水変電所,一致(66/6.6kV),"cap,opcap,avail,avail_up",,sys_capa_local05_Tr_202607_01.csv
153,尻苗変電所,一致なし,,,
154,尾幌変電所,一致なし,,,
155,屯田変電所,一致(66/6.6kV),"cap,opcap,avail,avail_up",,sys_capa_local07_Tr_202607_01.csv
156,山田変電所,一致なし,,,
157,山部変電所,一致なし,,,
158,岩内変電所,一致なし,,,
159,岩知志変電所,一致なし,,,
160,岩見沢変電所,一致なし,,,
161,峰延変電所,一致なし,,,
162,峰浜変電所,一致なし,,,
163,島松変電所,一致なし,,,
164,川沿変電所,一致なし,,,
165,川西変電所,一致なし,,,
166,帯広中央変電所,一致なし,,,
167,帯広変電所,一致なし,,,
168,常呂変電所,一致(66/6.6kV),"cap,opcap,avail,avail_up",,sys_capa_local05_Tr_202607_01.csv
169,幌別変電所,一致なし,,,
170,幌加内変電所,一致(66/6.6kV),"cap,opcap,avail,avail_up",,sys_capa_local01_Tr_202607_01.csv
171,幌向変電所,一致なし,,,
172,幌満変電所,一致なし,,,
173,幕別変電所,一致なし,,,
174,平取変電所,一致なし,,,
175,平岡変電所,一致なし,,,
176,幾春別変電所,一致なし,,,
177,広尾変電所,一致なし,,,
178,広陽変電所,一致なし,,,
179,庶路変電所,一致なし,,,
180,弁天変電所,一致なし,,,
181,弟子屈変電所,一致なし,,,
182,当別変電所,一致なし,,,
183,当麻変電所,一致(110/6.6kV),"cap,opcap,avail,avail_up",,sys_capa_local03_Tr_202607_01.csv
184,御崎変電所,一致なし,,,
185,御影変電所,一致なし,,,
186,忠別川変電所,一致(66/6.6kV),"cap,opcap,avail,avail_up",,sys_capa_local03_Tr_202607_01.csv
187,忠和変電所,一致(66/6.6kV),"cap,opcap,avail,avail_up",,sys_capa_local02_Tr_202607_01.csv
188,恵南変電所,一致なし,,,
189,恵山変電所,一致なし,,,
190,愛国変電所,一致なし,,,
191,戸井変電所,一致なし,,,
192,手稲変電所,一致(66/6.6kV),"cap,opcap,avail,avail_up",,sys_capa_local07_Tr_202607_01.csv
193,拓北変電所,一致なし,,,
194,振内変電所,一致なし,,,
195,文珠変電所,一致なし,,,
196,斜里変電所,一致(66/33kV),"cap,opcap,flow",,sys_capa_local05_Tr_202607_01.csv
197,新光変電所,一致なし,,,
198,新十津川変電所,一致なし,,,
199,新岩松変電所,一致なし,,,
200,新得変電所,一致なし,,,
201,新旭川変電所,一致(66/6.6kV),"cap,opcap,avail,avail_up",,sys_capa_local03_Tr_202607_01.csv
202,新星変電所,一致(66/6.6kV),"cap,opcap,avail,avail_up",,sys_capa_local02_Tr_202607_01.csv
203,新琴似変電所,一致なし,,,
204,日の出変電所,一致なし,,,
205,早来変電所,一致なし,,,
206,旭川中央変電所,一致(66/6.6kV),"cap,opcap,avail,avail_up",,sys_capa_local02_Tr_202607_01.csv
207,昆布変電所,一致なし,,,
208,明野変電所,一致なし,,,
209,星が浦変電所,一致なし,,,
210,晩翠変電所,一致なし,,,
211,智恵文変電所,一致(22/6.6kV),"cap,opcap,avail,avail_up",,sys_capa_local01_Tr_202607_01.csv
212,曲渕変電所,一致(33/6.6kV),"cap,opcap,avail,avail_up",,sys_capa_local01_Tr_202607_01.csv
213,月寒変電所,一致なし,,,
214,望来変電所,一致なし,,,
215,木古内変電所,一致なし,,,
216,木野変電所,一致なし,,,
217,末広変電所,一致なし,,,
218,本別変電所,一致なし,,,
219,本輪西変電所,一致なし,,,
220,札内変電所,一致なし,,,
221,朱鞠内変電所,一致(66/6.6kV),"cap,opcap,avail,avail_up",,sys_capa_local01_Tr_202607_01.csv
222,東光変電所,一致(110/6.6kV),"cap,opcap,avail,avail_up",,sys_capa_local03_Tr_202607_01.csv
223,東山変電所,一致なし,,,
224,東岩見沢変電所,一致なし,,,
225,東川変電所,一致(66/6.6kV),"cap,opcap,avail,avail_up",,sys_capa_local03_Tr_202607_01.csv
226,東札幌変電所,一致なし,,,
227,東根室変電所,一致なし,,,
228,東町変電所,一致なし,,,
229,東美園変電所,一致なし,,,
230,東藻琴変電所,一致(66/6.6kV),"cap,opcap,avail,avail_up",,sys_capa_local05_Tr_202607_01.csv
231,東雲変電所,一致なし,,,
232,松前変電所,一致なし,,,
233,枝幸変電所,一致(66/6.6kV),"cap,opcap,avail,avail_up",,sys_capa_local01_Tr_202607_01.csv
234,柏原変電所,一致なし,,,
235,柏木変電所,一致なし,,,
236,栗山変電所,一致なし,,,
237,根室変電所,一致なし,,,
238,桑園変電所,一致(66/6.6kV),"cap,opcap,avail,avail_up",,sys_capa_local06_Tr_202505_01.csv
239,桜ヶ岡変電所,一致なし,,,
240,森変電所,一致なし,,,
241,標津変電所,一致なし,,,
242,樽川変電所,一致(66/6.6kV),"vsec,cap,opcap,avail,avail_up,n1,curtail",,sys_capa_local07_Tr_202607_01.csv
243,橋北変電所,一致なし,,,
244,歌登変電所,一致(66/6.6kV),"cap,opcap,avail,avail_up",,sys_capa_local01_Tr_202607_01.csv
245,比羅夫変電所,一致なし,,,
246,永山変電所,一致(66/6.6kV),"cap,opcap,avail,avail_up",,sys_capa_local03_Tr_202607_01.csv
247,江別変電所,一致なし,,,
248,江卸変電所,一致(66/6.6kV),"cap,opcap,avail,avail_up",,sys_capa_local03_Tr_202607_01.csv
249,江差変電所,一致なし,,,
250,江部乙変電所,一致なし,,,
251,池田変電所,一致なし,,,
252,沢木変電所,一致(22/6.6kV),"cap,opcap,avail,avail_up",,sys_capa_local04_Tr_202607_01.csv
253,沼ノ端変電所,一致なし,,,
254,沼田変電所,一致なし,,,
255,泉沢変電所,一致なし,,,
256,洞爺変電所,一致なし,,,
257,津別変電所,一致(66/6.6kV),"cap,opcap,avail,avail_up",,sys_capa_local04_Tr_202607_01.csv
258,浜中変電所,一致なし,,,
259,浜益変電所,一致なし,,,
260,浜頓別変電所,一致(66/6.6kV),"cap,opcap,avail,avail_up",,sys_capa_local01_Tr_202607_01.csv
261,浜頓別開閉所,一致なし,,,
262,浦幌変電所,一致なし,,,
263,浦河変電所,一致なし,,,
264,深川変電所,一致なし,,,
265,清水変電所,一致なし,,,
266,清水川変電所,一致なし,,,
267,清見変電所,一致(66/6.6kV),"cap,opcap,avail,avail_up",,sys_capa_local04_Tr_202607_01.csv
268,清里変電所,一致(66/6.6kV),"cap,opcap,avail,avail_up",,sys_capa_local05_Tr_202607_01.csv
269,渡島当別変電所,一致なし,,,
270,港南変電所,一致なし,,,
271,湖南変電所,一致(66/6.6kV),"cap,opcap,avail,avail_up",,sys_capa_local05_Tr_202607_01.csv
272,湖畔変電所,一致なし,,,
273,湯の里変電所,一致なし,,,
274,湯川変電所,一致なし,,,
275,滝の上変電所,一致(22/6.6kV),"cap,opcap,avail,avail_up",,sys_capa_local04_Tr_202607_01.csv
276,滝川変電所,一致なし,,,
277,潮見変電所,一致(66/6.6kV),"cap,opcap,avail,avail_up",,sys_capa_local05_Tr_202607_01.csv
278,澄川変電所,一致なし,,,
279,然別第一変電所,一致なし,,,
280,然別第二変電所,一致なし,,,
281,熊石変電所,一致なし,,,
282,猿払変電所,一致(33/6.6kV),"cap,opcap,avail,avail_up",,sys_capa_local01_Tr_202607_01.csv
283,琴似変電所,一致(66/6.6kV),"cap,opcap,avail,avail_up",,sys_capa_local07_Tr_202607_01.csv
284,生田原変電所,一致(66/6.6kV),"cap,opcap,avail,avail_up",,sys_capa_local04_Tr_202607_01.csv
285,田端変電所,一致(66/6.6kV),"cap,opcap,avail,avail_up",,sys_capa_local04_Tr_202607_01.csv
286,由仁変電所,一致なし,,,
287,留産変電所,一致なし,,,
288,留萌変電所,一致なし,,,
289,発寒変電所,一致なし,,,
290,登別変電所,一致なし,,,
291,登別青葉変電所,一致なし,,,
292,白滝変電所,一致(66/6.6kV),"cap,opcap,avail,avail_up",,sys_capa_local04_Tr_202607_01.csv
293,白石変電所,一致なし,,,
294,白糠変電所,一致なし,,,
295,白老変電所,一致なし,,,
296,相内変電所,一致(66/6.6kV),"cap,opcap,avail,avail_up",,sys_capa_local04_Tr_202607_01.csv
297,相沼内変電所,一致なし,,,
298,真駒内変電所,一致なし,,,
299,石川変電所,一致なし,,,
300,石狩変電所,一致(66/6.6kV),"vsec,cap,opcap,avail,avail_up,n1,curtail",,sys_capa_local07_Tr_202607_01.csv
301,砂川変電所,一致なし,,,
302,磯分内変電所,一致なし,,,
303,磯谷川第二変電所,一致なし,,,
304,祝津変電所,一致なし,,,
305,神居変電所,一致(66/6.6kV),"cap,opcap,avail,avail_up",,sys_capa_local03_Tr_202607_01.csv
306,福島変電所,一致なし,,,
307,秋月変電所,一致(66/6.6kV),"cap,opcap,avail,avail_up",,sys_capa_local02_Tr_202607_01.csv
308,稚内恵北開閉所,一致なし,,,
309,稲美変電所,一致(66/6.6kV),"cap,opcap,avail,avail_up",,sys_capa_local05_Tr_202607_01.csv
310,穂別変電所,一致なし,,,
311,竹浦変電所,一致なし,,,
312,紋別変電所,一致(66/6.6kV),"cap,opcap,avail,avail_up",vsec: 既存22→CSV6.6,sys_capa_local04_Tr_202607_01.csv
313,網走変電所,一致(66/6.6kV),"cap,opcap,avail,avail_up",,sys_capa_local05_Tr_202607_01.csv
314,緑町変電所,一致なし,,,
315,羅臼変電所,一致なし,,,
316,美しが丘変電所,一致なし,,,
317,美唄変電所,一致なし,,,
318,美幌変電所,一致(66/6.6kV),"cap,opcap,avail,avail_up",,sys_capa_local05_Tr_202607_01.csv
319,美流渡変電所,一致なし,,,
320,美深変電所,一致(100/6.6kV),"cap,opcap,avail,avail_up",,sys_capa_local01_Tr_202607_01.csv
321,美瑛変電所,一致(66/6.6kV),"cap,opcap,avail,avail_up",,sys_capa_local03_Tr_202607_01.csv
322,羽幌変電所,一致(66/6.6kV),"cap,opcap,avail,avail_up",,sys_capa_local01_Tr_202607_01.csv
323,興部変電所,一致(66/22kV),"cap,opcap,flow",,sys_capa_local04_Tr_202607_01.csv
324,舌辛変電所,一致なし,,,
325,色内変電所,一致なし,,,
326,芦別変電所,一致なし,,,
327,芦川変電所,一致(33/6.6kV),"cap,opcap,avail,avail_up",,sys_capa_local01_Tr_202607_01.csv
328,芽室変電所,一致なし,,,
329,苫前変電所,一致(66/6.6kV),"cap,opcap,avail,avail_up",,sys_capa_local01_Tr_202607_01.csv
330,苫小牧中央変電所,一致なし,,,
331,茂尻変電所,一致なし,,,
332,茅沼変電所,一致なし,,,
333,茨戸変電所,一致(66/6.6kV),"vsec,cap,opcap,avail,avail_up,n1,curtail",,sys_capa_local07_Tr_202607_01.csv
334,荷負変電所,一致なし,,,
335,萩原変電所,一致なし,,,
336,落部変電所,一致なし,,,
337,藤野変電所,一致なし,,,
338,藻岩変電所,一致なし,,,
339,蘇牛変電所,一致なし,,,
340,蘭越変電所,一致なし,,,
341,虻田変電所,一致なし,,,
342,西岡変電所,一致なし,,,
343,西帯広変電所,一致なし,,,
344,計根別変電所,一致なし,,,
345,訓子府変電所,一致(66/6.6kV),"cap,opcap,avail,avail_up",,sys_capa_local04_Tr_202607_01.csv
346,豊浦変電所,一致なし,,,
347,豊頃変電所,一致なし,,,
348,足寄変電所,一致なし,,,
349,軍川変電所,一致なし,,,
350,近文変電所,一致(66/6.6kV),"cap,opcap,avail,avail_up",,sys_capa_local02_Tr_202607_01.csv
351,遠軽変電所,一致(66/6.6kV),"cap,opcap,avail,avail_up",,sys_capa_local04_Tr_202607_01.csv
352,野幌変電所,一致なし,,,
353,野花南変電所,一致なし,,,
354,金山変電所,一致なし,,,
355,釧白変電所,一致なし,,,
356,釧路中央変電所,一致なし,,,
357,釧路変電所,一致なし,,,
358,銭亀沢変電所,一致なし,,,
359,銭函変電所,一致なし,,,
360,錦岡変電所,一致なし,,,
361,錦橋変電所,一致なし,,,
362,長万部変電所,一致なし,,,
363,長橋変電所,一致なし,,,
364,長沼変電所,一致なし,,,
365,雄武変電所,一致(22/6.6kV),"cap,opcap,avail,avail_up",,sys_capa_local04_Tr_202607_01.csv
366,静内変電所,一致なし,,,
367,音別変電所,一致なし,,,
368,音更変電所,一致なし,,,
369,音江変電所,一致なし,,,
370,顧客変電所,一致なし,,,
371,顧客接続変電所,一致なし,,,
372,鬼鹿変電所,一致なし,,,
373,鰔川変電所,一致なし,,,
374,鳥取変電所,一致なし,,,
375,鵡川変電所,一致なし,,,
376,鶴居変電所,一致なし,,,
377,鷲別変電所,一致なし,,,
378,鹿越変電所,一致なし,,,
379,鹿追変電所,一致なし,,,
380,鹿部変電所,一致なし,,,
381,麻生変電所,一致なし,,,
382,ユーラス浜頓別ウインドファーム特高変電所,一致なし,,,
383,五稜郭開閉所,一致なし,,,
384,北海道電力,一致なし,,,
385,北海道電力 湯の里変電所,一致なし,,,
